GeoId;Pays;Country;Region;Latitude;Longitude;12/31/19;1/1/20;1/2/20;1/3/20;1/4/20;1/5/20;1/6/20;1/7/20;1/8/20;1/9/20;1/10/20;1/11/20;1/12/20;1/13/20;1/14/20;1/15/20;1/16/20;1/17/20;1/18/20;1/19/20;1/20/20;1/21/20;1/22/20;1/23/20;1/24/20;1/25/20;1/26/20;1/27/20;1/28/20;1/29/20;1/30/20;1/31/20;2/1/20;2/2/20;2/3/20;2/4/20;2/5/20;2/6/20;2/7/20;2/8/20;2/9/20;2/10/20;2/11/20;2/12/20;2/13/20;2/14/20;2/15/20;2/16/20;2/17/20;2/18/20;2/19/20;2/20/20;2/21/20;2/22/20;2/23/20;2/24/20;2/25/20;2/26/20;2/27/20;2/28/20;2/29/20;3/1/20;3/2/20;3/3/20;3/4/20;3/5/20;3/6/20;3/7/20;3/8/20;3/9/20;3/10/20;3/11/20;3/12/20;3/13/20;3/14/20;3/15/20;3/16/20;3/17/20;3/18/20;3/19/20;3/20/20;3/21/20;3/22/20;3/23/20;3/24/20;3/25/20;3/26/20;3/27/20;3/28/20;3/29/20;3/30/20;3/31/20;4/1/20;4/2/20;4/3/20;4/4/20;4/5/20;4/6/20;4/7/20;4/8/20;4/9/20;4/10/20;4/11/20;4/12/20;4/13/20;4/14/20;4/15/20;4/16/20;4/17/20;4/18/20;4/19/20;4/20/20;4/21/20;4/22/20;4/23/20;4/24/20;4/25/20;4/26/20;4/27/20;4/28/20;4/29/20;4/30/20;5/1/20;5/2/20;5/3/20;5/4/20;5/5/20;5/6/20;5/7/20;5/8/20;5/9/20;5/10/20;5/11/20;5/12/20;5/13/20;5/14/20;5/15/20;5/16/20;5/17/20;5/18/20;5/19/20;5/20/20;5/21/20;5/22/20;5/23/20;5/24/20;5/25/20;5/26/20;5/27/20;5/28/20;5/29/20;5/30/20;5/31/20;6/1/20;6/2/20;6/3/20;6/4/20;6/5/20;6/6/20;6/7/20;6/8/20;6/9/20;6/10/20;6/11/20;6/12/20;6/13/20;6/14/20;6/15/20;6/16/20;6/17/20;6/18/20;6/19/20;6/20/20;6/21/20;6/22/20;6/23/20;6/24/20;6/25/20;6/26/20;6/27/20;6/28/20;6/29/20;6/30/20;7/1/20;7/2/20;7/3/20;7/4/20;7/5/20;7/6/20;7/7/20;7/8/20;7/9/20;7/10/20;7/11/20;7/12/20;7/13/20;7/14/20;7/15/20;7/16/20;7/17/20;7/18/20;7/19/20;7/20/20;7/21/20;7/22/20;7/23/20;7/24/20;7/25/20;7/26/20;7/27/20;Total
AD;Andorre;Andorra;Europe;42.31;01.32;;;;;;;;;;;;;;;;;;;;;;;;;;;;;;;;;;;;;;;;;;;;;;;;;;;;;;;;;;;;;;;;0;;;;;;;;;;;0;;0;0;0;0;0;0;0;0;0;0;0;3;0;1;2;2;4;2;1;1;1;1;3;1;1;2;1;2;1;0;2;2;0;2;0;1;0;1;0;0;3;0;0;0;1;1;0;1;1;1;0;1;0;1;0;1;0;0;0;1;0;0;2;0;0;0;0;0;0;0;0;0;0;0;0;0;0;0;0;0;0;0;0;0;0;0;0;0;0;0;0;0;0;1;0;0;0;0;0;0;0;0;0;0;0;0;0;0;0;0;0;0;0;0;0;0;0;0;0;0;0;0;0;0;0;0;0;0;0;0;0;0;0;0;52
AE ;Émirats arabes Unis;United Arabs Emirates;Méditerranée orientale;24.28;54.22;0;0;0;0;0;0;0;0;0;0;0;0;0;0;0;0;0;0;0;0;0;0;0;0;0;0;0;0;0;0;0;0;0;0;0;0;0;0;0;0;0;0;0;0;0;0;0;0;0;0;0;0;0;0;0;0;0;0;0;0;0;0;0;;0;;0;;0;;0;0;;0;;0;0;0;0;0;0;0;2;0;0;0;0;0;0;0;0;3;1;0;2;0;2;0;1;1;0;2;2;4;2;3;3;5;0;2;2;4;2;3;6;4;8;0;12;6;7;9;7;6;8;7;11;9;11;8;9;11;13;3;2;3;2;2;4;6;4;3;6;4;4;3;1;3;5;2;3;2;2;2;2;3;1;3;1;1;1;5;2;1;2;1;1;1;2;2;2;3;2;1;1;1;2;2;1;2;1;2;1;1;1;1;1;3;2;1;2;1;1;1;2;2;1;1;0;0;2;1;1;1;1;1;0;1;0;1;344
AF;Afghanistan;Afghanistan;Méditerranée orientale;34.28;66.11;0;0;0;0;0;0;0;0;0;0;0;0;0;0;0;0;0;0;0;0;0;0;0;0;0;0;0;0;0;0;0;0;0;0;0;0;0;0;0;0;0;0;0;0;0;0;0;0;0;0;0;0;0;0;0;0;0;0;0;0;0;0;0;0;0;0;0;0;0;0;0;0;0;0;0;0;0;0;0;0;0;0;0;0;1;0;0;0;1;1;1;0;0;0;0;0;1;2;0;4;3;1;0;3;0;3;2;2;4;1;0;3;2;1;4;2;1;4;10;0;3;0;4;4;4;13;5;5;9;2;3;6;5;2;5;3;6;32;0;1;4;5;9;6;12;11;2;1;1;7;8;11;3;8;8;5;24;6;9;18;30;12;15;21;21;20;5;20;7;13;13;42;2;21;12;17;20;21;36;8;20;18;12;13;28;33;12;7;38;56;16;1;20;37;16;0;2;33;49;21;32;17;17;5;4;21;0;35;13;10;1269
AG;Antigua-et-Barbuda;Antigua and Barbuda;Amérique latine;17.20;-61.48;;;;;;;;;;;;;;;;;;;;;;;;;;;;;;;;;;;;;;;;;;;;;;;;;;;;;;;;;;;;;;;;;;;;;;;;;;;;0;;;;;;0;0;0;0;0;0;0;0;0;0;0;0;0;0;0;0;0;0;0;0;2;0;0;0;0;0;0;0;0;0;0;1;0;0;0;0;0;0;0;0;0;0;0;0;0;0;0;0;0;0;0;0;0;0;0;0;0;0;0;0;0;0;0;0;0;0;0;0;0;0;0;0;0;0;0;0;0;0;0;0;0;0;0;0;0;0;0;0;0;0;0;0;0;0;0;0;0;0;0;0;0;0;0;0;0;0;0;0;0;0;0;0;0;0;0;0;0;0;0;0;0;0;0;0;0;0;0;0;0;3
AI;Anguilla;Anguilla;Amérique latine;18.14;-63.03;;;;;;;;;;;;;;;;;;;;;;;;;;;;;;;;;;;;;;;;;;;;;;;;;;;;;;;;;;;;;;;;;;;;;;;;;;;;;;;;;;;;;;;;0;0;0;0;0;0;0;0;0;0;0;0;0;0;0;0;0;0;0;0;0;0;0;0;0;0;0;0;0;0;0;0;0;0;0;0;0;0;0;0;0;0;0;0;0;0;0;0;0;0;0;0;0;0;0;0;0;0;0;0;0;0;0;0;0;0;0;0;0;0;0;0;0;0;0;0;0;0;0;0;0;0;0;0;0;0;0;0;0;0;0;0;0;0;0;0;0;0;0;0;0;0;0;0;0;0;0;0;0;0;0;0;0;0;0;0;0;0;0;0;0;0;0;0
AL;Albanie;Albania;Europe;41.18;19.49;;;;;;;;;;;;;;;;;;;;;;;;;;;;;;;;;;;;;;;;;;;;;;;;;;;;;;;;;;;;;;;;;;;;;0;0;0;0;1;0;0;0;0;0;0;1;0;0;0;0;2;1;0;1;3;1;0;2;3;0;1;1;2;2;1;0;0;1;0;0;0;0;1;1;1;0;0;0;0;0;1;0;0;0;1;0;2;1;0;0;0;0;0;0;0;0;0;0;0;0;0;0;0;0;0;0;0;0;0;0;0;0;1;0;1;0;0;0;0;0;0;0;0;0;0;1;0;0;0;0;1;1;0;0;0;1;1;1;3;1;1;0;1;2;2;2;2;2;3;4;3;4;3;2;2;3;2;2;0;2;4;4;2;2;4;3;3;4;1;1;4;3;3;5;6;4;138
AM;Arménie;Armenia;Europe;40.10;44.31;0;0;0;0;0;0;0;0;0;0;0;0;0;0;0;0;0;0;0;0;0;0;0;0;0;0;0;0;0;0;0;0;0;0;0;0;0;0;0;0;0;0;0;0;0;0;0;0;0;0;0;0;0;0;0;0;0;0;0;0;0;0;0;;;;;;;;;;0;0;0;0;0;0;0;0;0;0;0;0;0;0;0;1;0;2;0;0;0;0;1;3;0;0;1;0;1;1;1;2;0;1;3;1;1;1;0;2;2;0;0;3;1;0;1;1;0;0;2;1;0;2;4;1;0;2;1;1;1;1;1;1;1;3;3;5;1;3;3;3;4;3;4;6;4;7;15;7;7;4;8;19;12;6;7;7;10;11;6;10;18;13;6;5;16;8;9;7;10;13;28;0;26;0;24;10;6;7;0;10;10;6;10;8;7;7;12;18;14;11;13;6;8;8;11;15;13;11;10;9;28;10;4;8;5;6;711
AO;Angola;Angola;Afrique;-12.50;17.15;;;;;;;;;;;;;;;;;;;;;;;;;;;;;;;;;;;;;;;;;;;;;;;;;;;;;;;;;;;;;;;;;;;;;;;;;;;;;;;;;;;0;0;0;0;0;0;0;0;2;0;0;0;0;0;0;0;0;0;0;0;0;0;0;0;0;0;0;0;0;0;0;0;0;0;0;0;0;0;0;0;0;0;0;0;0;0;0;0;0;0;0;0;0;0;0;0;0;0;0;0;1;0;0;0;1;0;0;0;0;0;0;0;0;0;0;0;0;0;0;0;0;0;1;0;1;0;0;0;1;0;1;0;1;0;1;0;0;0;0;1;0;2;2;2;1;1;0;0;0;2;1;1;2;1;0;0;1;1;1;0;0;0;0;1;3;0;2;0;35
AR;Argentine;Argentina;Amérique latine;-36.30;-63.00;;;;;;;;;;;;;;;;;;;;;;;;;;;;;;;;;;;;;;;;;;;;;;;;;;;;;;;;;;;;;;;;;0;;0;0;1;0;;0;;0;1;0;0;0;0;0;1;0;1;0;0;2;2;4;5;2;1;4;0;7;3;3;6;3;7;7;5;14;3;7;6;3;7;4;6;7;10;2;8;9;8;6;2;18;1;11;10;7;4;7;12;9;14;4;9;9;11;7;0;5;14;10;24;3;7;3;16;11;10;13;17;12;7;15;17;16;8;12;8;11;17;13;14;5;44;16;16;29;24;18;30;20;30;18;21;24;35;16;50;13;19;32;6;36;39;43;40;10;63;27;44;34;52;16;37;33;79;52;53;42;61;8;85;23;124;62;21;71;42;127;0;133;111;105;125;92;2939
AT;Autriche;Austria;Europe;48.12;16.22;0;0;0;0;0;0;0;0;0;0;0;0;0;0;0;0;0;0;0;0;0;0;0;0;0;0;0;0;0;0;0;0;0;0;0;0;0;0;0;0;0;0;0;0;0;0;0;0;0;0;0;0;0;0;0;0;0;0;0;0;0;0;0;0;0;0;0;0;0;0;0;0;0;1;0;0;0;2;0;1;2;0;2;8;9;5;4;18;16;0;18;22;20;18;12;10;18;18;16;23;30;22;24;18;13;18;16;9;17;21;12;9;10;1;31;14;5;23;6;7;20;11;4;5;7;2;2;6;2;1;5;1;3;2;3;1;2;2;0;1;0;3;1;0;2;4;1;1;2;2;23;0;0;0;0;1;1;0;2;0;0;0;0;1;1;1;2;0;1;3;6;1;0;0;2;0;3;0;5;0;2;2;1;2;0;0;0;0;1;0;0;0;0;0;0;2;0;1;1;0;0;0;0;0;0;1;0;0;1;0;712
AU;Australie;Australia;Pacifique occidental;-25;130;0;0;0;0;0;0;0;0;0;0;0;0;0;0;0;0;0;0;0;0;0;0;0;0;0;0;0;0;0;0;0;0;0;0;0;0;0;0;0;0;0;0;0;0;0;0;0;0;0;0;0;0;0;0;0;0;0;0;0;0;0;1;0;0;0;1;0;0;1;0;0;0;0;0;0;0;2;0;0;1;0;1;0;0;0;1;3;2;0;1;2;3;1;1;2;7;4;2;6;3;5;2;2;3;4;0;0;2;0;4;2;1;1;3;0;1;4;2;2;1;4;2;2;1;0;2;0;1;1;0;0;0;0;0;0;1;0;0;0;0;1;0;1;0;1;1;0;0;0;0;0;0;0;0;0;0;0;0;0;0;0;0;0;0;0;0;0;0;0;0;0;0;0;0;0;0;0;1;1;0;0;0;0;0;0;0;0;0;0;2;0;0;0;0;1;1;0;0;3;2;3;2;4;1;3;2;5;6;6;10;155
AW;Aruba;Aruba;Amérique latine;12.30;-69.58;;;;;;;;;;;;;;;;;;;;;;;;;;;;;;;;;;;;;;;;;;;;;;;;;;;;;;;;;;;;;;;;;;;;;;;;;;;;;;;;;;;;;0;0;0;0;0;0;0;;0;0;0;0;0;0;0;0;0;0;0;0;0;0;0;1;0;1;0;0;0;0;0;0;0;0;0;0;0;0;0;0;0;0;0;0;0;1;0;0;0;0;0;0;0;0;0;0;0;0;0;0;0;0;0;0;0;0;0;0;0;0;0;0;0;0;0;0;0;0;0;0;0;0;0;0;0;0;0;0;0;0;0;0;0;0;0;0;0;0;0;0;0;0;0;0;0;0;0;0;0;0;0;0;0;0;0;0;0;0;0;0;0;0;0;0;0;0;3
AZ;Azerbaïdjan;Azerbaidjan;Europe;40.29;49.56;0;0;0;0;0;0;0;0;0;0;0;0;0;0;0;0;0;0;0;0;0;0;0;0;0;0;0;0;0;0;0;0;0;0;0;0;0;0;0;0;0;0;0;0;0;0;0;0;0;0;0;0;0;0;0;0;0;0;0;0;0;0;0;;;;0;0;;;;0;0;0;;0;0;0;0;0;0;1;0;0;0;0;1;1;0;1;0;0;1;0;0;0;0;2;0;1;0;1;1;1;0;1;1;0;2;0;3;1;0;1;0;0;1;0;0;1;0;1;1;1;0;0;1;0;2;0;0;3;1;0;1;2;0;1;0;3;1;1;2;1;2;3;0;2;1;2;2;2;3;2;5;3;5;2;4;2;4;5;5;4;6;5;2;4;3;4;7;6;0;9;6;7;6;7;6;7;6;5;8;7;7;8;7;6;9;8;7;9;10;8;6;8;7;6;7;8;7;8;5;9;13;9;6;9;8;9;417
BA;Bosnie-Herzégovine;Bosnia and Herzegovina;Europe;43.52;18.26;;;;;;;;;;;;;;;;;;;;;;;;;;;;;;;;;;;;;;;;;;;;;;;;;;;;;;;;;;;;;;;;;;;0;;;;;;0;0;;;0;0;0;0;0;0;1;0;0;1;1;0;1;1;1;2;4;1;4;1;3;3;4;4;3;1;1;0;1;0;1;1;1;3;1;1;2;2;2;1;1;2;2;2;2;2;0;5;2;5;1;1;6;6;8;3;6;5;4;4;3;4;2;3;0;1;2;4;2;0;2;2;4;1;2;0;0;0;1;3;0;2;0;0;1;0;0;1;0;2;1;0;1;3;0;0;1;1;0;1;1;1;2;3;2;3;1;2;2;1;2;0;3;3;10;1;6;2;3;2;4;1;8;6;4;0;2;11;5;0;11;2;4;5;283
BB;Barbade;Barbados;Amérique latine;13.05;-59.30;;;;;;;;;;;;;;;;;;;;;;;;;;;;;;;;;;;;;;;;;;;;;;;;;;;;;;;;;;;;;;;;;;;;;;;;;;;;;;;0;0;0;0;0;0;0;0;0;0;0;0;0;0;0;0;0;0;0;1;1;1;0;0;1;0;0;0;1;0;0;0;0;0;0;0;1;0;0;0;0;0;0;1;0;0;0;0;0;0;0;0;0;0;0;0;0;0;0;0;0;0;0;0;0;0;0;0;0;0;0;0;0;0;0;0;0;0;0;0;0;0;0;0;0;0;0;0;0;0;0;0;0;0;0;0;0;0;0;0;0;0;0;0;0;0;0;0;0;0;0;0;0;0;0;0;0;0;0;0;0;0;0;0;0;0;0;0;0;0;0;0;7
BD;Bangladesh;Bangladesh;Asie du Sud-Est;23.43;90.26;;;;;;;;;;;;;;;;;;;;;;;;;;;;;;;;;;;;;;;;;;;;;;;;;;;;;;;;;;;;;;;;;;;;;;0;;;;;;0;;0;0;0;0;0;2;1;0;1;1;0;0;0;0;0;0;1;0;0;2;1;3;5;3;1;6;3;4;5;7;4;10;15;9;7;10;9;10;7;4;9;5;7;3;8;5;2;5;2;5;1;3;13;7;8;14;11;11;19;14;15;16;14;21;21;16;22;24;20;28;21;21;22;15;23;28;40;22;37;37;35;30;35;42;42;45;37;37;46;44;32;38;53;43;38;45;37;39;38;43;37;39;40;34;43;45;64;41;38;42;29;55;44;55;46;41;37;30;47;39;33;33;39;51;34;37;50;41;42;50;35;38;54;2928
BE;Belgique;Belgium;Europe;50.51;04.21;0;0;0;0;0;0;0;0;0;0;0;0;0;0;0;0;0;0;0;0;0;0;0;0;0;0;0;0;0;0;0;0;0;0;0;0;0;0;0;0;0;0;0;0;0;0;0;0;0;0;0;0;0;0;0;0;0;0;0;0;0;0;0;0;0;0;0;0;0;0;0;1;3;1;3;5;6;11;12;22;28;31;39;42;78;74;96;102;123;133;139;169;187;251;212;233;274;235;272;303;317;270;318;288;342;280;275;275;251;205;208;211;198;202;192;176;147;155;176;127;115;98;84;98;73;96;98;81;75;78;70;68;73;62;48;54;46;37;28;35;35;30;32;29;37;24;34;24;40;24;22;13;24;19;22;20;20;14;12;11;12;9;12;12;7;10;5;3;8;7;7;5;4;3;9;12;4;3;5;2;7;5;3;8;2;5;2;2;2;1;3;1;2;0;2;4;0;3;5;5;2;2;1;2;1;3;2;5;1;0;9821
BF;Burkina Faso;Burkina Faso;Afrique;12.15;-01.30;;;;;;;;;;;;;;;;;;;;;;;;;;;;;;;;;;;;;;;;;;;;;;;;;;;;;;;;;;;;;;;;;;;;;;;;0;0;;;0;0;0;0;1;0;0;2;0;0;0;0;0;0;6;0;3;0;2;2;0;0;1;0;2;4;1;2;1;0;1;2;2;0;3;1;0;2;0;1;2;0;0;1;0;0;1;0;1;0;1;1;2;0;0;0;0;1;1;1;0;0;0;0;0;0;1;0;0;0;0;0;0;1;0;0;0;0;0;0;0;0;0;0;0;0;0;0;0;0;0;0;0;0;0;0;0;0;0;0;0;0;0;0;0;0;0;0;0;0;0;0;0;0;0;0;0;0;0;0;0;0;0;0;0;0;0;0;0;0;0;0;0;0;0;53
BG;Bulgarie;Bulgaria;Europe;42.45;23.20;;;;;;;;;;;;;;;;;;;;;;;;;;;;;;;;;;;;;;;;;;;;;;;;;;;;;;;;;;;;;;;;;;;;;0;0;;;1;0;0;1;0;0;0;0;1;0;0;0;0;0;0;0;0;4;1;0;0;2;0;4;3;3;2;1;1;0;1;3;1;3;3;1;2;3;0;2;0;2;4;3;2;1;1;2;0;6;2;3;3;1;5;0;6;0;4;2;1;2;2;1;3;3;6;2;2;4;4;5;1;0;4;0;3;0;3;3;1;0;4;0;3;0;13;0;0;4;3;0;1;4;0;2;2;5;3;6;3;6;0;8;1;1;2;4;1;3;4;7;2;0;7;2;5;4;4;5;3;0;0;6;8;7;6;4;4;2;1;8;5;8;8;8;1;2;340
BH;Bahreïn;Bahrain;Méditerranée orientale;26.10;50.30;;;;;;;0;0;0;0;0;0;0;0;0;0;0;0;0;0;0;0;0;0;0;0;0;0;0;0;0;0;0;0;0;0;0;0;0;0;0;0;0;0;0;0;0;0;0;0;0;0;0;0;0;0;0;0;0;0;0;0;;0;0;0;0;0;0;0;0;0;0;0;0;0;0;1;0;0;0;0;0;1;0;1;0;1;0;0;0;0;0;0;0;0;0;0;0;1;0;0;1;0;0;1;0;0;0;0;0;0;0;0;0;1;0;0;0;0;0;0;0;0;0;0;0;0;0;0;0;0;0;0;1;1;0;2;0;0;0;0;0;0;0;1;1;0;0;1;0;0;2;2;0;0;1;1;2;1;2;0;3;2;5;0;3;4;3;1;2;6;2;3;3;2;2;2;2;7;0;5;1;3;5;2;1;2;0;1;0;2;3;1;0;5;0;2;6;4;3;0;2;2;1;1;4;2;1;3;140
BI;Burundi;Burundi;Afrique;-3.26;29.54;;;;;;;;;;;;;;;;;;;;;;;;;;;;;;;;;;;;;;;;;;;;;;;;;;;;;;;;;;;;;;;;;;;;;;;;;;;;;;;;;;;;;;;;;;;;;0;0;0;0;0;0;0;0;0;0;0;0;0;0;1;0;0;0;0;0;0;0;0;0;0;0;0;0;0;0;0;0;0;0;0;0;0;0;0;0;0;0;0;0;0;0;0;0;0;0;0;0;0;0;0;0;0;0;0;0;0;0;0;0;0;0;0;0;0;0;0;0;0;0;0;0;0;0;0;0;0;0;0;0;0;0;0;0;0;0;0;0;0;0;0;0;0;0;0;0;0;0;0;0;0;0;0;0;0;0;0;0;0;0;0;0;0;0;1
BJ;Bénin;Benin;Afrique;06.23;02.42;;;;;;;;;;;;;;;;;;;;;;;;;;;;;;;;;;;;;;;;;;;;;;;;;;;;;;;;;;;;;;;;;;;;;;;;;;;;;;0;0;0;0;0;0;0;0;0;0;0;0;0;0;0;0;0;0;0;0;0;1;0;0;0;0;0;0;0;0;0;0;0;0;0;0;0;0;0;0;0;0;0;0;1;0;0;0;0;0;0;0;0;0;0;0;0;0;0;0;0;0;0;0;0;0;1;0;0;0;0;0;0;0;0;0;0;0;0;0;0;0;1;0;0;0;0;0;1;1;1;2;0;0;2;0;0;2;0;0;0;1;0;0;2;3;2;0;0;0;0;0;0;0;2;0;0;3;0;0;0;0;2;3;0;0;0;0;0;3;0;0;1;35
BM;Bermudes;Bermuda;Amérique latine;32.20;-64.45;;;;;;;;;;;;;;;;;;;;;;;;;;;;;;;;;;;;;;;;;;;;;;;;;;;;;;;;;;;;;;;;;;;;;;;;;;;;;;;;;0;0;0;0;0;0;0;0;0;0;0;0;0;0;0;0;0;0;2;0;1;1;0;0;0;0;1;0;0;0;0;0;0;0;0;0;0;0;0;1;0;0;0;0;1;0;0;0;0;0;0;0;0;1;0;0;1;0;0;0;0;0;0;0;0;0;0;0;0;0;0;0;0;0;0;0;0;0;0;0;0;0;0;0;0;0;0;0;0;0;0;0;0;0;0;0;0;0;0;0;0;0;0;0;0;0;0;0;0;0;0;0;0;0;0;0;0;0;0;0;0;0;0;0;0;0;0;0;0;0;9
BN;Brunei;Brunei;Pacifique occidental;04.52;115.00;;;;;;;;;;;;;;;;;;;;;;;;;;;;;;;;;;;;;;;;;;;;;;;;;;;;;;;;;;;;;;;;;;;;;;;0;;0;0;0;0;0;0;0;0;0;0;0;0;0;0;0;0;0;1;0;0;0;0;0;0;0;0;0;0;0;0;0;0;0;0;0;0;0;0;0;0;0;0;0;0;0;0;0;0;0;0;0;0;0;0;0;0;0;0;0;0;0;0;0;0;0;0;0;0;0;0;0;0;0;0;0;0;0;1;0;0;0;0;0;0;0;0;0;0;0;0;0;0;0;0;0;0;0;1;0;0;0;0;0;0;0;0;0;0;0;0;0;0;0;0;0;0;0;0;0;0;0;0;0;0;0;0;0;0;0;0;0;0;0;0;0;0;0;0;3
BO;Bolivie;Bolivia;Amérique latine;-16.20;-68.10;;;;;;;;;;;;;;;;;;;;;;;;;;;;;;;;;;;;;;;;;;;;;;;;;;;;;;;;;;;;;;;;;;;;;;;;;0;0;0;0;;0;0;0;0;0;0;0;0;0;0;0;0;0;3;3;1;1;1;1;0;1;3;1;3;1;1;4;3;1;0;1;2;0;1;1;1;3;3;3;1;2;4;3;2;4;3;4;5;5;6;4;5;11;4;8;4;4;6;14;10;12;1;4;5;15;10;16;15;10;10;11;13;6;13;7;10;3;30;33;24;15;12;27;11;10;12;25;21;26;26;26;21;27;20;18;18;25;33;47;26;30;37;21;36;44;57;52;78;70;49;58;56;42;54;47;61;64;52;53;59;32;44;42;65;57;45;67;55;55;79;66;62;48;2583
BQ;Bonaire;Bonaire;Amérique latine;12.10;-68.14;;;;;;;;;;;;;;;;;;;;;;;;;;;;;;;;;;;;;;;;;;;;;;;;;;;;;;;;;;;;;;;;;;;;;;;;;;;;;;;;;;;;;;;;;;;;;;0;0;0;0;0;0;0;0;0;0;0;0;0;0;0;0;0;0;0;0;0;0;0;0;0;0;0;0;0;0;0;0;0;0;0;0;0;0;0;0;0;0;0;0;0;0;0;0;0;0;0;0;0;0;0;0;0;0;0;0;0;0;0;0;0;0;0;0;0;0;0;0;0;0;0;0;0;0;0;0;0;0;0;0;0;0;0;0;0;0;0;0;0;0;0;0;0;0;0;0;0;0;0;0;0;0;0;0;0;0;0;0;0;0;0;0;0;0
BR;Brésil;Brazil;Amérique latine;-15.47;-47.55;0;0;0;0;0;0;0;0;0;0;0;0;0;0;0;0;0;0;0;0;0;0;0;0;0;0;0;0;0;0;0;0;0;0;0;0;0;0;0;0;0;0;0;0;0;0;0;0;0;0;0;0;0;0;0;0;0;0;0;0;0;0;0;;;0;0;0;0;0;;0;0;0;0;0;0;0;1;3;2;5;7;7;9;12;11;20;15;22;22;23;42;40;58;60;73;54;67;114;133;141;115;68;99;105;204;204;188;217;206;115;113;166;165;407;357;346;189;338;474;449;435;428;421;275;296;600;615;610;751;730;496;396;881;749;844;824;816;485;674;1179;888;1188;1001;965;653;807;1039;1086;1156;1124;956;480;623;1262;1349;1473;1005;904;525;679;1272;1274;1239;909;892;612;627;1282;1269;1238;1206;1022;641;654;1374;1185;1141;990;1109;552;692;1280;1038;1252;1290;1091;602;620;1254;1223;1220;1214;1071;631;733;1300;1233;1322;1163;921;716;632;1367;1284;1311;1156;1211;555;87004
BS;Bahamas;Bahamas;Amérique latine;25.05;-77.20;;;;;;;;;;;;;;;;;;;;;;;;;;;;;;;;;;;;;;;;;;;;;;;;;;;;;;;;;;;;;;;;;;;;;;;;;;;;;0;0;;;0;0;0;0;0;0;0;0;0;0;0;0;0;1;0;2;1;1;0;1;1;1;0;0;0;0;0;0;1;0;0;0;0;0;0;2;0;0;0;0;0;0;0;0;0;0;0;0;0;0;0;0;0;0;0;0;0;0;0;0;0;0;0;0;0;0;0;0;0;0;0;0;0;0;0;0;0;0;0;0;0;0;0;0;0;0;0;0;0;0;0;0;0;0;0;0;0;0;0;0;0;0;0;0;0;0;0;0;0;0;0;0;0;0;0;0;0;0;0;0;0;0;0;0;0;0;0;0;0;0;11
BT;Bhoutan;Bhutan;Asie du Sud-Est;27.31;89.45;;;;;;;;;;;;;;;;;;;;;;;;;;;;;;;;;;;;;;;;;;;;;;;;;;;;;;;;;;;;;;;;;;;0;;;;;;;0;;0;;0;0;0;0;0;0;0;0;0;0;0;0;0;0;0;0;0;0;0;0;0;0;0;0;0;0;0;0;0;0;0;0;0;0;0;0;0;0;0;0;0;0;0;0;0;0;0;0;0;0;0;0;0;0;0;0;0;0;0;0;0;0;0;0;0;0;0;0;0;0;0;0;0;0;0;0;0;0;0;0;0;0;0;0;0;0;0;0;0;0;0;0;0;0;0;0;0;0;0;0;0;0;0;0;0;0;0;0;0;0;0;0;0;0;0;0;0;0;0;0;0;0;0;0;0;0;0;0;0;0;0;0;0;0
BW;Botswana;Botswana;Afrique;-24.38;25.54;;;;;;;;;;;;;;;;;;;;;;;;;;;;;;;;;;;;;;;;;;;;;;;;;;;;;;;;;;;;;;;;;;;;;;;;;;;;;;;;;;;;;;;;;;;;;0;1;0;0;0;0;0;0;0;0;0;0;0;0;0;0;0;0;0;0;0;0;0;0;0;0;0;0;0;0;0;0;0;0;0;0;0;0;0;0;0;0;0;0;0;0;0;0;0;0;0;0;0;0;0;0;0;0;0;0;0;0;0;0;0;0;0;0;0;0;0;0;0;0;0;0;0;0;0;0;0;0;0;0;0;0;0;0;0;0;0;0;0;0;0;0;0;0;0;0;0;0;0;0;0;0;0;0;0;0;0;0;0;0;0;0;0;0;1
BY;Biélorussie;Belarus;Europe;53.52;27.30;0;0;0;0;0;0;0;0;0;0;0;0;0;0;0;0;0;0;0;0;0;0;0;0;0;0;0;0;0;0;0;0;0;0;0;0;0;0;0;0;0;0;0;0;0;0;0;0;0;0;0;0;0;0;0;0;0;0;0;0;0;0;0;;0;0;;;;;;0;0;0;;;0;0;0;0;0;0;0;0;0;0;0;0;0;0;0;0;0;0;4;0;1;3;5;0;0;3;3;4;3;3;4;3;4;2;3;2;4;4;3;2;3;4;5;3;4;5;5;4;4;2;4;4;5;4;5;5;5;4;7;4;5;5;4;5;6;4;4;6;5;4;5;5;4;6;5;5;5;6;5;3;5;5;6;4;6;7;6;6;5;5;5;5;4;6;6;7;2;10;3;5;6;5;5;6;4;6;4;5;6;7;7;6;5;6;7;7;6;5;5;5;4;6;6;5;6;4;4;4;4;6;6;0;11;4;534
BZ;Belize;Belize;Amérique latine;17.18;-88.30;;;;;;;;;;;;;;;;;;;;;;;;;;;;;;;;;;;;;;;;;;;;;;;;;;;;;;;;;;;;;;;;;;;;;;;;;;;;;;;;;;;;;0;0;0;0;0;0;0;0;0;0;0;0;0;1;0;0;0;0;1;0;0;0;0;0;0;0;0;0;0;0;0;0;0;0;0;0;0;0;0;0;0;0;0;0;0;0;0;0;0;0;0;0;0;0;0;0;0;0;0;0;0;0;0;0;0;0;0;0;0;0;0;0;0;0;0;0;0;0;0;0;0;0;0;0;0;0;0;0;0;0;0;0;0;0;0;0;0;0;0;0;0;0;0;0;0;0;0;0;0;0;0;0;0;0;0;0;0;0;0;0;0;0;0;0;0;0;2
CA;Canada;Canada;Amérique du Nord;60;-100;0;0;0;0;0;0;0;0;0;0;0;0;0;0;0;0;0;0;0;0;0;0;0;0;0;0;0;0;0;0;0;0;0;0;0;0;0;0;0;0;0;0;0;0;0;0;0;0;0;0;0;0;0;0;0;0;0;0;0;0;0;0;0;0;0;0;0;0;0;0;1;0;0;0;0;0;0;3;4;1;1;2;6;2;4;3;8;4;14;7;1;28;7;13;29;49;44;49;43;57;55;74;60;84;64;63;123;107;183;116;158;113;110;144;140;172;156;163;95;147;152;137;188;207;175;116;172;189;189;176;161;124;178;122;176;135;168;90;117;103;60;70;118;122;98;105;69;121;94;126;112;102;94;222;31;69;103;139;66;70;27;35;62;63;34;55;58;39;29;38;41;46;46;64;20;6;18;30;20;4;8;6;44;25;0;51;21;11;10;9;18;26;12;10;14;10;7;8;12;17;12;0;13;6;4;8;4;7;4;5;8890
CD;République démocratique du Congo;Democratic Republic of the Congo;Afrique;-04.20;23.15;;;;;;;;;;;;;;;;;;;;;;;;;;;;;;;;;;;;;;;;;;;;;;;;;;;;;;;;;;;;;;;;;;;;;;;;0;;;0;0;0;0;0;0;0;0;1;1;0;1;0;1;0;2;2;0;0;3;0;2;5;0;0;0;2;0;0;0;0;0;1;1;1;2;0;0;0;0;0;0;3;0;0;2;0;1;0;1;1;1;0;0;2;0;3;2;0;3;6;0;0;10;0;0;1;0;0;2;0;0;4;0;0;1;1;0;0;2;1;0;3;3;3;0;4;2;2;6;2;3;5;1;6;0;3;2;4;3;6;5;0;0;7;7;0;8;10;2;5;1;0;6;0;1;0;2;4;0;0;0;1;0;2;1;0;0;1;1;1;2;3;0;3;1;204
CF;République centrafricaine;Central African Republic;Afrique;04.23;18.35;;;;;;;;;;;;;;;;;;;;;;;;;;;;;;;;;;;;;;;;;;;;;;;;;;;;;;;;;;;;;;;;;;;;;;;;;;;;;0;0;0;0;0;0;0;0;0;0;0;0;0;0;0;0;0;0;0;0;0;0;0;0;0;0;0;0;0;0;0;0;0;0;0;0;0;0;0;0;0;0;0;0;0;0;0;0;0;0;0;0;0;0;0;0;0;0;0;0;0;0;0;0;0;0;0;0;0;1;0;0;0;0;0;0;0;1;2;0;0;0;0;1;0;0;0;1;1;0;0;0;3;4;4;1;0;4;0;7;7;1;2;0;5;0;2;0;0;1;0;0;0;4;0;0;0;1;0;0;0;0;0;0;0;2;0;0;0;2;1;1;0;0;59
CG;Congo;Congo;Afrique;-04.09;15.12;;;;;;;;;;;;;;;;;;;;;;;;;;;;;;;;;;;;;;;;;;;;;;;;;;;;;;;;;;;;;;;;;;;;;;;;;;;;0;0;0;0;0;0;0;0;0;0;0;0;0;0;0;0;0;2;0;1;0;2;0;0;0;0;0;0;0;0;0;0;0;0;1;0;0;0;0;0;0;0;2;0;0;0;1;0;1;0;0;0;0;0;0;0;0;0;1;0;0;4;0;0;0;0;0;0;1;0;0;0;1;2;0;0;0;0;1;0;0;0;0;0;2;0;0;2;1;0;0;0;0;2;0;0;0;0;1;0;9;0;0;1;0;2;0;0;0;1;0;3;0;0;0;0;3;0;0;0;0;0;0;1;0;1;0;0;1;0;0;1;0;0;0;51
CH;Suisse;Switzerland;Europe;46.57;07.28;0;0;0;0;0;0;0;0;0;0;0;0;0;0;0;0;0;0;0;0;0;0;0;0;0;0;0;0;0;0;0;0;0;0;0;0;0;0;0;0;0;0;0;0;0;0;0;0;0;0;0;0;0;0;0;0;0;0;0;0;0;0;0;0;0;0;1;0;0;1;0;1;1;0;3;4;2;1;5;2;12;10;13;4;6;20;17;58;36;38;22;38;78;5;54;52;56;19;25;57;64;51;49;26;27;0;42;73;43;42;52;24;7;45;30;51;41;20;8;16;27;28;15;12;32;6;4;6;22;13;8;6;6;5;18;3;25;6;7;1;0;11;16;8;0;4;0;0;6;0;7;2;0;0;0;0;3;0;0;1;0;0;2;12;0;2;0;0;0;1;0;0;0;0;2;0;0;2;0;0;0;0;0;2;1;1;0;0;0;0;0;0;0;0;0;0;0;2;0;0;0;0;0;0;3;2;1;6;0;1;1700
CI;Côte d’Ivoire;Ivory Coast;Afrique;06.49;-05.17;;;;;;;;;;;;;;;;;;;;;;;;;;;;;;;;;;;;;;;;;;;;;;;;;;;;;;;;;;;;;;;;;;;;;;;;;0;;;0;0;0;0;0;0;0;0;0;0;0;0;0;0;0;1;0;0;0;0;0;1;1;0;0;0;0;0;1;1;1;0;0;0;0;2;1;1;3;1;0;0;0;0;0;0;0;0;1;0;2;0;1;0;2;0;1;0;0;0;3;0;0;1;2;1;0;1;0;0;1;0;0;0;1;1;0;1;0;0;0;0;2;1;0;0;2;0;3;0;4;0;0;1;0;2;0;1;0;2;3;4;0;0;2;4;2;0;2;0;0;2;2;2;1;0;3;1;2;1;2;0;3;0;0;0;4;1;0;1;0;0;1;0;2;96
CL;Chili;Chile;Amérique latine;-33.24;-70.40;;;;;;;;;;;;;;;;;;;;;;;;;;;;;;;;;;;;;;;;;;;;;;;;;;;;;;;;;;;;;;;;;0;0;0;0;;0;0;0;0;0;0;0;0;0;0;0;0;0;0;1;1;0;1;1;1;1;1;1;4;4;2;4;5;7;3;6;5;9;8;8;7;2;10;2;11;11;10;7;6;8;13;8;6;7;8;9;9;9;11;7;13;13;10;5;6;4;9;10;8;11;12;11;12;36;27;29;28;31;35;45;41;43;45;43;45;35;49;54;53;57;59;75;87;81;92;93;649;74;19;192;173;222;231;222;39;21;232;226;252;202;184;23;3;226;172;165;279;162;66;113;65;167;131;141;116;76;50;139;109;99;100;98;45;45;117;104;1057;0;156;130;44;45;116;76;106;92;9112
CM;Cameroun;Cameroon;Afrique;03.50;11.35;;;;;;;;;;;;;;;;;;;;;;;;;;;;;;;;;;;;;;;;;;;;;;;;;;;;;;;;;;;;;;;;;;;;0;;0;;;;;;0;0;0;0;0;0;0;0;0;0;1;0;0;0;1;0;0;4;0;1;1;1;0;0;0;1;0;0;1;1;0;5;0;4;0;0;21;0;0;1;6;0;4;3;2;1;2;0;0;3;0;0;0;44;0;0;0;6;11;0;11;3;1;0;0;0;0;6;10;3;0;6;6;4;2;0;0;14;0;8;1;0;3;0;0;0;5;0;6;0;59;2;1;0;0;0;6;18;0;1;2;5;5;0;0;0;0;0;0;0;0;0;0;15;2;29;0;0;0;0;0;0;0;0;14;0;0;0;0;0;9;3;0;0;0;385
CN;Chine;China;Pacifique occidental;35;105;0;0;0;0;0;0;0;0;0;0;0;1;0;0;0;1;0;0;0;1;0;3;11;0;9;15;15;25;25;26;38;43;46;45;57;65;66;72;73;86;89;97;108;97;254;13;143;142;105;98;139;112;118;109;98;150;70;52;29;44;47;35;42;32;37;31;30;28;27;23;17;22;11;7;15;9;13;9;16;8;4;6;6;9;7;4;6;5;3;5;2;3;1;6;10;4;3;2;0;2;2;1;3;0;2;0;1;0;1290;0;0;0;0;0;0;0;0;0;1;0;0;0;0;0;0;0;0;0;0;0;0;0;0;0;0;0;0;0;1;0;0;0;0;0;0;0;0;0;0;0;0;0;0;0;0;0;0;0;0;0;0;0;0;0;0;0;0;0;0;0;0;0;0;1;0;0;1;0;1;0;0;0;0;0;0;0;0;0;0;0;0;0;0;0;0;0;1;0;2;0;1;1;0;0;2;0;1;1;2;0;4652
CO;Colombie;Colombia;Amérique latine;04.34;-74.00;;;;;;;;;;;;;;;;;;;;;;;;;;;;;;;;;;;;;;;;;;;;;;;;;;;;;;;;;;;;;;;;;;;;0;;;0;;0;;0;0;0;0;0;0;0;0;1;1;1;0;1;2;0;0;4;4;2;1;2;6;7;3;11;4;5;14;11;20;9;3;15;4;13;9;13;13;10;7;10;9;10;8;10;10;16;9;15;21;10;16;18;20;19;10;21;17;18;16;14;16;16;21;16;12;18;21;17;22;30;23;22;23;26;27;19;31;37;49;30;40;36;42;58;60;54;49;64;61;0;112;47;75;59;75;63;86;95;81;111;73;94;87;163;157;128;167;117;111;136;171;136;165;122;146;149;168;187;211;194;188;148;170;189;215;259;228;220;193;237;207;315;287;294;256;8525
CR;Costa Rica;Costa Rica;Amérique latine;09.55;-84.02;;;;;;;;;;;;;;;;;;;;;;;;;;;;;;;;;;;;;;;;;;;;;;;;;;;;;;;;;;;;;;;;;;;;0;;0;0;0;0;0;0;0;0;0;0;1;0;1;0;0;0;0;0;0;0;0;0;0;0;0;0;0;0;0;0;0;0;1;0;0;0;0;0;1;0;0;0;0;2;0;0;0;0;0;0;0;0;0;0;0;0;0;0;0;0;0;0;0;0;1;0;0;1;0;2;0;0;0;0;0;0;0;0;0;0;0;0;0;0;0;0;0;0;0;0;0;0;0;1;1;0;0;0;0;0;0;0;0;0;0;0;0;0;0;0;0;0;3;0;1;1;0;1;0;1;4;0;1;1;1;2;2;1;5;4;2;5;7;8;4;2;3;9;7;11;6;104
CU;Cuba;Cuba;Amérique latine;23.08;-82.22;;;;;;;;;;;;;;;;;;;;;;;;;;;;;;;;;;;;;;;;;;;;;;;;;;;;;;;;;;;;;;;;;;;;;;;;;0;;0;0;;;0;1;0;0;0;0;0;0;0;1;0;1;0;1;2;0;0;0;0;2;1;2;1;3;0;1;2;3;0;3;3;4;1;2;2;2;2;3;6;2;3;2;2;0;3;3;2;1;2;0;0;4;1;0;3;0;1;1;0;0;0;0;0;0;0;1;1;0;1;0;0;0;0;0;1;0;0;0;0;0;0;0;0;0;0;0;1;0;0;0;0;0;0;1;0;0;0;0;0;0;0;0;1;0;0;0;0;0;0;0;0;0;0;0;0;0;1;0;0;0;0;0;0;0;0;0;0;0;0;0;0;0;87
CV;Cap Vert;Cape Verde;Afrique;15.02;-23.34;;;;;;;;;;;;;;;;;;;;;;;;;;;;;;;;;;;;;;;;;;;;;;;;;;;;;;;;;;;;;;;;;;;;;;;;;;;;;;;;;;0;0;0;0;1;0;0;0;0;0;0;0;0;0;0;0;0;0;0;0;0;0;0;0;0;0;0;0;0;0;0;0;0;0;0;0;0;0;0;0;0;0;1;0;0;0;0;0;0;0;0;0;0;0;0;0;0;1;0;0;0;0;0;0;0;0;0;1;0;0;0;0;0;0;1;0;0;0;0;0;0;0;0;1;0;0;0;1;0;0;0;1;0;0;0;0;0;0;2;2;0;0;3;0;0;0;1;1;0;1;0;1;0;0;0;0;0;0;0;1;1;0;0;0;0;0;1;0;0;22
CW;Curaçao;Curaçao;Amérique latine;12.10;-68.58;;;;;;;;;;;;;;;;;;;;;;;;;;;;;;;;;;;;;;;;;;;;;;;;;;;;;;;;;;;;;;;;;;;;;;;;;;;;;;;;;;;;;0;;1;0;0;0;0;;0;0;0;0;0;0;0;0;0;0;0;0;0;0;0;0;0;0;0;0;0;0;0;0;0;0;0;0;0;0;0;0;0;0;0;0;0;0;0;0;0;0;0;0;0;0;0;0;0;0;0;0;0;0;0;0;0;0;0;0;0;0;0;0;0;0;0;0;0;0;0;0;0;0;0;0;0;0;0;0;0;0;0;0;0;0;0;0;0;0;0;0;0;0;0;0;0;0;0;0;0;0;0;0;0;0;0;0;0;0;0;0;0;0;0;0;0;0;1
CY;Chypre;Cyprus;Europe;35.10;33.25;;;;;;;;;;;;;;;;;;;;;;;;;;;;;;;;;;;;;;;;;;;;;;;;;;;;;;;;;;;;;;;;;;;;;;;0;;0;;0;0;0;0;0;0;0;0;0;0;0;3;0;0;2;0;1;1;1;1;0;0;0;0;0;0;0;1;0;0;1;1;0;0;0;0;0;0;0;0;2;0;0;0;0;1;0;0;0;0;0;0;0;0;0;0;0;0;1;0;0;1;0;0;0;0;0;0;0;0;0;0;0;0;0;0;0;0;0;0;0;0;0;0;0;1;0;0;0;0;0;0;0;0;0;0;0;1;0;0;0;0;0;0;0;0;0;0;0;0;0;0;0;0;0;0;0;0;0;0;0;0;0;0;0;0;0;0;0;0;0;0;0;0;0;0;19
CZ;République tchèque;Czech Republic;Europe;50.05;14.22;0;0;0;0;0;0;0;0;0;0;0;0;0;0;0;0;0;0;0;0;0;0;0;0;0;0;0;0;0;0;0;0;0;0;0;0;0;0;0;0;0;0;0;0;0;0;0;0;0;0;0;0;0;0;0;0;0;0;0;0;0;0;0;0;0;0;0;0;0;0;0;0;0;0;0;0;0;0;0;0;0;0;0;1;0;2;3;3;0;2;5;8;7;8;5;9;6;8;11;10;11;13;7;10;9;5;18;5;3;4;8;7;8;5;9;3;2;3;3;2;4;0;9;4;5;3;4;5;5;8;3;3;4;2;1;7;3;2;1;1;0;5;2;2;6;2;1;2;0;0;2;0;0;1;1;2;1;2;1;0;0;1;0;0;1;0;0;0;1;1;2;1;1;1;0;0;3;4;2;0;2;1;0;1;0;2;1;-1;-3;2;1;0;1;0;0;0;1;2;0;0;3;0;1;0;1;4;1;3;0;3;371
DE;Allemagne;Germany;Europe;52.30;10;0;0;0;0;0;0;0;0;0;0;0;0;0;0;0;0;0;0;0;0;0;0;0;0;0;0;0;0;0;0;0;0;0;0;0;0;0;0;0;0;0;0;0;0;0;0;0;0;0;0;0;0;0;0;0;0;0;0;0;0;0;0;0;0;0;0;0;0;0;0;2;0;1;2;0;3;4;1;0;0;30;2;22;27;32;23;49;55;72;64;66;128;149;140;145;141;184;92;173;254;246;266;171;129;126;170;285;315;299;242;184;110;194;281;215;227;179;140;110;163;202;173;0;287;74;43;139;165;123;147;103;26;22;116;101;89;101;57;33;21;72;83;57;27;42;31;10;45;47;62;39;39;11;11;11;29;30;32;33;22;6;37;18;26;8;18;6;4;9;30;26;16;10;0;3;10;19;13;21;6;3;4;12;12;9;9;7;2;4;8;12;12;6;6;3;1;0;7;7;4;1;1;2;4;5;6;10;7;0;0;9118
DJ;Djibouti;Djibouti;Méditerranée orientale;11.08;42.20;;;;;;;;;;;;;;;;;;;;;;;;;;;;;;;;;;;;;;;;;;;;;;;;;;;;;;;;;;;;;;;;;;;;;;;;;;;;;;;;0;0;0;0;0;0;0;0;0;0;0;0;0;0;0;0;0;0;0;0;0;0;1;0;1;0;0;0;0;0;0;0;0;0;0;0;0;0;0;0;0;0;0;0;0;0;0;0;0;1;0;0;0;0;0;0;0;0;1;0;0;3;0;2;1;0;0;0;4;0;4;2;0;2;2;0;1;1;0;0;0;2;3;3;0;3;1;3;2;0;0;0;0;2;0;0;3;1;3;0;0;0;0;1;1;1;0;0;0;0;0;0;0;1;0;0;0;0;0;0;0;0;0;0;0;0;2;0;0;0;0;58
DK;Danemark;Denmark;Europe;55.41;12.34;0;0;0;0;0;0;0;0;0;0;0;0;0;0;0;0;0;0;0;0;0;0;0;0;0;0;0;0;0;0;0;0;0;0;0;0;0;0;0;0;0;0;0;0;0;0;0;0;0;0;0;0;0;0;0;0;0;0;0;0;0;0;0;0;0;0;0;0;0;0;0;0;0;0;0;0;1;0;3;0;2;3;4;0;11;8;2;7;11;13;7;5;13;14;19;16;22;18;8;16;15;19;10;13;13;12;14;10;12;15;10;9;9;6;14;10;9;15;4;5;7;9;9;10;11;8;9;7;3;6;6;4;3;5;4;6;4;0;5;4;1;3;3;7;0;0;1;1;0;2;3;0;3;3;2;4;0;2;4;1;2;4;0;0;0;1;3;0;1;0;0;2;0;0;0;2;1;0;0;1;0;0;1;0;1;0;0;0;0;1;2;0;0;0;0;0;1;0;0;0;1;0;0;0;0;0;1;1;0;0;613
DM;Dominique;Dominica;Amérique latine;15.20;-61.24;;;;;;;;;;;;;;;;;;;;;;;;;;;;;;;;;;;;;;;;;;;;;;;;;;;;;;;;;;;;;;;;;;;;;;;;;;;;;;;;;;;;0;0;0;0;0;0;0;0;0;0;0;0;0;0;0;0;0;0;0;0;0;0;0;0;0;0;0;0;0;0;0;0;0;0;0;0;0;0;0;0;0;0;0;0;0;0;0;0;0;0;0;0;0;0;0;0;0;0;0;0;0;0;0;0;0;0;0;0;0;0;0;0;0;0;0;0;0;0;0;0;0;0;0;0;0;0;0;0;0;0;0;0;0;0;0;0;0;0;0;0;0;0;0;0;0;0;0;0;0;0;0;0;0;0;0;0;0;0;0;0;0;0;0;0;0;0;0;0
DO;République dominicaine;Dominican Republic;Amérique latine;18.30;-69.59;0;0;0;0;0;0;0;0;0;0;0;0;0;0;0;0;0;0;0;0;0;0;0;0;0;0;0;0;0;0;0;0;0;0;0;0;0;0;0;0;0;0;0;0;0;0;0;0;0;0;0;0;0;0;0;0;0;0;0;0;0;0;0;;;;;0;;;0;;;;0;0;0;0;0;0;0;2;1;0;0;3;4;0;10;8;11;3;9;6;3;8;9;5;4;12;10;10;8;9;38;4;6;6;7;4;17;9;9;10;15;5;2;6;5;0;8;7;8;12;13;7;13;8;8;11;7;5;3;5;9;7;13;2;0;4;6;7;5;2;8;2;0;2;8;6;11;3;10;4;0;13;1;4;5;11;2;1;5;6;11;7;9;15;13;10;18;2;12;8;7;7;6;16;7;14;6;8;7;14;7;11;10;11;8;10;17;8;13;22;16;17;6;7;19;12;1;29;10;12;6;6;1;30;19;8;1063
DZ;Algérie;Algeria;Afrique;28.42;03.08;0;0;0;0;0;0;0;0;0;0;0;0;0;0;0;0;0;0;0;0;0;0;0;0;0;0;0;0;0;0;0;0;0;0;0;0;0;0;0;0;0;0;0;0;0;0;0;0;0;0;0;0;0;0;0;0;0;0;0;0;0;0;;0;0;0;0;;0;0;0;0;0;1;1;0;2;0;1;1;1;3;5;2;0;2;2;4;1;3;2;4;9;14;5;42;25;22;21;20;12;30;21;19;18;20;12;11;12;16;3;8;9;8;10;5;8;4;6;7;5;7;6;3;6;4;2;5;6;7;5;6;8;5;8;7;7;7;6;6;7;6;7;7;7;10;8;9;8;6;7;8;8;7;8;6;0;14;9;8;9;8;9;8;9;10;9;7;10;11;11;12;14;12;8;7;9;8;9;7;7;5;8;7;8;8;9;9;6;7;9;10;10;0;16;7;7;10;12;12;5;11;10;9;13;11;13;12;10;9;1155
EC;Équateur;Ecuador;Amérique latine;-00.15;-78.35;0;0;0;0;0;0;0;0;0;0;0;0;0;0;0;0;0;0;0;0;0;0;0;0;0;0;0;0;0;0;0;0;0;0;0;0;0;0;0;0;0;0;0;0;0;0;0;0;0;0;0;0;0;0;0;0;0;0;0;0;0;0;0;0;;0;0;;;0;0;0;;;1;1;0;0;0;1;0;4;0;7;4;9;2;5;7;7;10;4;17;41;0;25;27;8;11;29;22;30;25;18;18;22;0;33;15;18;35;18;33;13;17;23;16;0;0;87;208;12;17;163;308;193;5;0;49;36;50;13;410;18;182;7;4;256;94;48;63;40;49;51;117;40;12;95;0;72;38;21;0;24;36;44;48;0;48;74;13;21;48;30;0;108;46;22;33;41;37;80;69;43;24;0;51;35;34;63;18;5;73;25;49;63;61;69;12;40;52;27;39;44;48;16;16;67;28;49;43;32;31;5;48;52;21;29;39;8;5515
EE;Estonie;Estonia;Europe;59.22;24.48;0;0;0;0;0;0;0;0;0;0;0;0;0;0;0;0;0;0;0;0;0;0;0;0;0;0;0;0;0;0;0;0;0;0;0;0;0;0;0;0;0;0;0;0;0;0;0;0;0;0;0;0;0;0;0;0;0;0;0;0;0;0;0;;0;;0;0;;;;0;0;0;0;0;0;0;0;0;0;0;0;0;0;0;1;0;0;0;2;0;1;1;6;1;1;2;4;2;3;0;0;0;1;3;3;4;1;2;0;2;0;3;1;1;1;0;3;1;0;0;2;0;1;2;0;0;0;1;0;4;0;1;0;0;1;1;0;0;1;0;0;0;0;0;0;1;0;1;0;1;0;1;0;0;1;0;0;0;0;0;0;0;0;0;0;0;0;0;0;0;0;0;0;0;0;0;0;0;0;0;0;0;0;0;0;0;0;0;0;0;0;0;0;0;0;0;0;0;0;0;0;0;0;0;0;0;0;0;69
EG;Égypte;Egypt;Méditerranée orientale;27.31;29.14;0;0;0;0;0;0;0;0;0;0;0;0;0;0;0;0;0;0;0;0;0;0;0;0;0;0;0;0;0;0;0;0;0;0;0;0;0;0;0;0;0;0;0;0;0;0;0;0;0;0;0;0;0;0;0;0;0;0;0;0;0;0;0;;;;0;0;;1;0;0;0;1;0;0;0;0;2;2;0;1;1;2;4;5;2;0;3;6;6;4;1;5;6;0;14;5;7;7;18;15;17;11;13;5;14;5;13;9;19;15;11;14;0;12;18;13;0;30;22;21;12;14;9;14;7;16;17;13;21;11;11;8;11;12;15;21;20;18;15;14;21;16;11;28;29;19;14;19;29;34;34;46;46;47;36;38;40;32;39;34;35;36;35;45;62;91;97;94;84;88;79;89;87;85;87;0;168;87;88;81;83;81;81;86;81;79;63;79;67;75;53;85;67;0;166;73;59;53;68;63;51;50;47;41;40;38;40;48;4606
EH;Sahara occidental;Western Sahara;Méditerranée orientale;25;-13;;;;;;;;;;;;;;;;;;;;;;;;;;;;;;;;;;;;;;;;;;;;;;;;;;;;;;;;;;;;;;;;;;;;;;;;;;;;;;;;;;;;;;;;;;;;;;;;;;;;;;;;;;;;;;;;;;;;;;0;0;0;0;0;0;0;0;0;0;0;0;0;0;0;0;0;0;0;0;0;0;0;0;0;0;0;0;0;0;0;0;0;0;1;0;0;0;0;0;0;0;0;0;0;0;0;0;0;0;0;0;0;0;0;0;0;0;0;0;0;0;0;0;0;0;0;0;0;0;0;0;0;0;0;0;0;0;0;0;0;0;0;0;0;0;0;0;0;0;0;0;0;1
EL;Grèce;Greece;Europe;37.58;23.46;0;0;0;0;0;0;0;0;0;0;0;0;0;0;0;0;0;0;0;0;0;0;0;0;0;0;0;0;0;0;0;0;0;0;0;0;0;0;0;0;0;0;0;0;0;0;0;0;0;0;0;0;0;0;0;0;0;0;0;0;0;0;0;;;0;0;0;0;0;0;0;1;0;0;2;1;0;1;0;0;3;5;2;2;3;2;4;2;4;6;5;6;1;3;6;9;5;6;2;2;3;4;3;5;1;2;1;3;0;0;5;6;5;0;4;5;0;0;6;0;3;1;0;3;1;2;0;1;1;2;1;0;0;1;3;1;4;2;1;2;0;1;2;1;2;0;1;1;0;2;0;0;0;0;4;0;0;0;1;0;2;1;0;0;0;0;0;1;1;2;1;1;1;0;0;0;0;1;0;0;0;0;1;0;0;0;0;0;0;1;0;0;0;0;0;0;0;0;0;1;0;0;1;2;3;1;0;0;1;202
ER;Erythrée;Eritrea;Afrique;15.19;38.55;;;;;;;;;;;;;;;;;;;;;;;;;;;;;;;;;;;;;;;;;;;;;;;;;;;;;;;;;;;;;;;;;;;;;;;;;;;;;;;;;;;0;0;0;0;0;0;0;0;0;0;0;0;0;0;0;0;0;0;0;0;0;0;0;0;0;0;0;0;0;0;0;0;0;0;0;0;0;0;0;0;0;0;0;0;0;0;0;0;0;0;0;0;0;0;0;0;0;0;0;0;0;0;0;0;0;0;0;0;0;0;0;0;0;0;0;0;0;0;0;0;0;0;0;0;0;0;0;0;0;0;0;0;0;0;0;0;0;0;0;0;0;0;0;0;0;0;0;0;0;0;0;0;0;0;0;0;0;0;0;0;0;0;0;0;0;0;0;0;0
ES;Espagne;Spain;Europe;40.25;-03.45;0;0;0;0;0;0;0;0;0;0;0;0;0;0;0;0;0;0;0;0;0;0;0;0;0;0;0;0;0;0;0;0;0;0;0;0;0;0;0;0;0;0;0;0;0;0;0;0;0;0;0;0;0;0;0;0;0;0;0;0;0;0;0;0;0;1;2;2;0;0;23;7;12;37;37;15;152;21;182;107;169;235;324;394;462;514;738;655;769;832;838;812;849;864;950;932;809;674;637;743;757;683;605;510;619;517;787;617;585;565;410;399;430;435;440;367;378;288;0;632;453;268;281;276;164;164;185;244;213;181;227;143;123;176;184;217;138;104;87;59;69;110;52;688;50;74;-1918;283;1;1;2;4;2;0;0;1;5;1;1;1;0;0;0;0;0;0;0;0;0;0;0;1179;7;1;1;1;2;3;8;3;2;3;9;8;5;17;0;0;3;4;4;5;2;0;0;3;3;4;3;4;0;0;2;2;2;3;3;0;0;;28432
ET;Éthiopie;Ethiopia;Afrique;09.02;38.42;;;;;;;;;;;;;;;;;;;;;;;;;;;;;;;;;;;;;;;;;;;;;;;;;;;;;;;;;;;;;;;;;;;;;;;;;;;0;0;0;0;0;0;0;0;0;0;0;0;0;0;0;0;0;0;0;0;0;0;0;2;0;0;0;0;0;1;0;0;0;0;0;0;0;0;0;0;0;0;0;0;0;0;0;0;0;0;0;0;0;1;0;0;0;1;0;0;0;0;0;0;0;0;0;0;0;0;0;0;0;0;1;0;1;1;0;3;1;2;3;1;1;1;7;0;5;3;5;7;8;2;3;1;2;2;7;0;2;1;0;3;3;8;5;4;5;0;0;0;0;0;0;13;3;1;0;4;0;3;1;11;7;2;2;13;4;3;3;7;8;9;3;23;223
FI;Finlande;Finland;Europe;63;25.03;0;0;0;0;0;0;0;0;0;0;0;0;0;0;0;0;0;0;0;0;0;0;0;0;0;0;0;0;0;0;0;0;0;0;0;0;0;0;0;0;0;0;0;0;0;0;0;0;0;0;0;0;0;0;0;0;0;0;0;0;0;0;0;;0;;0;0;;0;0;;0;0;;0;0;0;0;0;0;0;1;0;0;0;2;1;3;2;2;2;4;0;2;1;5;2;0;7;6;2;6;1;7;3;5;8;3;7;8;4;4;43;8;23;5;9;4;3;6;7;5;7;2;10;10;6;6;3;5;5;2;4;4;9;3;6;4;1;2;1;3;2;0;0;1;1;4;1;0;1;2;4;0;0;1;1;0;0;1;0;1;0;1;0;0;1;0;0;0;0;0;0;0;1;0;0;0;1;0;0;0;0;0;0;0;0;0;0;0;0;0;0;0;0;0;0;0;0;0;0;0;0;0;0;0;1;0;0;329
FJ;Fidji;Fiji;Pacifique occidental;-18.06;178.30;;;;;;;;;;;;;;;;;;;;;;;;;;;;;;;;;;;;;;;;;;;;;;;;;;;;;;;;;;;;;;;;;;;;;;;;;;;;;;;;;0;0;0;0;0;0;0;0;0;0;0;0;0;0;0;0;0;0;0;0;0;0;0;0;0;0;0;0;0;0;0;0;0;0;0;0;0;0;0;0;0;0;0;0;0;0;0;0;0;0;0;0;0;0;0;0;0;0;0;0;0;0;0;0;0;0;0;0;0;0;0;0;0;0;0;0;0;0;0;0;0;0;0;0;0;0;0;0;0;0;0;0;0;0;0;0;0;0;0;0;0;0;0;0;0;0;0;0;0;0;0;0;0;0;0;0;0;0;0;0;0;0;0;0;0;0;0;0;0;0;0
FK;Îles Malouines;Falklands Islands;Amérique latine;-51.42;-57.51;;;;;;;;;;;;;;;;;;;;;;;;;;;;;;;;;;;;;;;;;;;;;;;;;;;;;;;;;;;;;;;;;;;;;;;;;;;;;;;;;;;;;;;;;;;;0;;;;0;0;0;0;0;0;0;0;0;0;0;0;0;0;0;0;0;0;0;0;0;0;0;0;0;0;0;0;0;0;0;0;0;0;0;0;0;0;0;0;0;0;0;0;0;0;0;0;0;0;0;0;0;0;0;0;0;0;0;0;0;0;0;0;0;0;0;0;0;0;0;0;0;0;0;0;0;0;0;0;0;0;0;0;0;0;0;0;0;0;0;0;0;0;0;0;0;0;0;0;0;0;0;0;0;0;0;0;0;0;0;0;0;0;0;0
FO;Îles Féroé;Faroe Islands;Europe;62.05;-06.56;;;;;;;;;;;;;;;;;;;;;;;;;;;;;;;;;;;;;;;;;;;;;;;;;;;;;;;;;;;;;;;;;;;;;;;;;;;;;;;;;0;0;0;0;0;0;0;0;0;0;0;0;0;0;0;0;0;0;0;0;0;0;0;0;0;0;0;0;0;0;0;0;0;0;0;0;0;0;0;0;0;0;0;0;0;0;0;0;0;0;0;0;0;0;0;0;0;0;0;0;0;0;0;0;0;0;0;0;0;0;0;0;0;0;0;0;0;0;0;0;0;0;0;0;0;0;0;0;0;0;0;0;0;0;0;0;0;0;0;0;0;0;0;0;0;0;0;0;0;0;0;0;0;0;0;0;0;0;0;0;0;0;0;0;0;0;0;0;0;0;0
FR;France;France;Europe;48.50;02.20;0;0;0;0;0;0;0;0;0;0;0;0;0;0;0;0;0;0;0;0;0;0;0;0;0;0;0;0;0;0;0;0;0;0;0;0;0;0;0;0;0;0;0;0;0;0;1;0;0;0;0;0;0;0;0;0;0;0;1;0;0;0;0;1;1;0;3;2;1;9;11;3;15;13;18;12;36;21;27;69;128;78;112;112;186;240;231;365;299;319;292;418;499;509;471;2004;1053;518;833;1417;541;1341;987;635;561;574;762;1438;753;761;642;395;547;531;544;516;389;369;242;437;367;427;289;218;166;135;306;330;278;178;243;80;70;263;348;83;351;130;88;68;186;125;110;83;74;43;35;65;98;66;66;52;57;31;31;107;81;44;46;31;13;54;87;23;27;28;24;9;29;111;28;28;14;16;7;23;57;11;21;26;0;0;35;30;18;14;18;0;0;27;13;32;14;25;0;0;25;0;91;18;14;0;0;13;0;7;10;10;0;0;30192
GA;Gabon;Gabon;Afrique;00.25;09.26;;;;;;;;;;;;;;;;;;;;;;;;;;;;;;;;;;;;;;;;;;;;;;;;;;;;;;;;;;;;;;;;;;;;;;;;;;0;;0;0;0;0;0;0;1;0;0;0;0;0;0;0;0;0;0;0;0;0;0;0;0;0;0;0;0;0;0;0;0;0;0;0;0;0;0;0;0;0;1;1;0;0;0;0;0;0;1;1;0;1;0;2;0;0;0;0;1;0;0;1;0;1;0;0;1;0;0;0;0;0;2;0;0;0;1;2;0;0;3;0;1;0;0;0;0;0;1;1;0;0;0;4;2;1;2;2;0;0;5;0;0;1;0;0;0;2;0;0;0;2;0;0;2;0;0;0;0;0;0;0;0;0;0;0;0;0;0;0;1;0;2;0;0;49
GD;Grenade;Grenada;Amérique latine;12.3;-61.45;;;;;;;;;;;;;;;;;;;;;;;;;;;;;;;;;;;;;;;;;;;;;;;;;;;;;;;;;;;;;;;;;;;;;;;;;;;;;;;;;;;;0;0;0;0;0;0;0;0;0;0;0;0;0;0;0;0;0;0;0;0;0;0;0;0;0;0;0;0;0;0;0;0;0;0;0;0;0;0;0;0;0;0;0;0;0;0;0;0;0;0;0;0;0;0;0;0;0;0;0;0;0;0;0;0;0;0;0;0;0;0;0;0;0;0;0;0;0;0;0;0;0;0;0;0;0;0;0;0;0;0;0;0;0;0;0;0;0;0;0;0;0;0;0;0;0;0;0;0;0;0;0;0;0;0;0;0;0;0;0;0;0;0;0;0;0;0;0;0
GE;Géorgie;Georgia;Europe;41.43;44.50;0;0;0;0;0;0;0;0;0;0;0;0;0;0;0;0;0;0;0;0;0;0;0;0;0;0;0;0;0;0;0;0;0;0;0;0;0;0;0;0;0;0;0;0;0;0;0;0;0;0;0;0;0;0;0;0;0;0;0;0;0;0;0;;;0;0;;0;0;0;0;0;0;0;0;0;0;0;0;0;0;0;0;0;0;0;0;0;0;0;0;0;0;0;0;0;2;0;1;0;0;0;0;0;0;0;0;0;0;1;0;0;0;1;0;0;0;1;0;0;0;0;2;0;1;0;0;0;0;1;0;0;1;0;0;1;0;0;0;0;0;0;0;0;0;0;0;0;0;0;0;0;0;0;1;0;0;0;0;0;0;0;0;0;0;1;0;0;0;0;0;0;0;0;0;0;0;0;0;1;0;0;0;0;0;0;0;0;0;0;0;0;0;0;0;0;0;0;0;0;0;0;1;0;0;0;0;0;0;16
GG;Guernesey;Guernsey;Europe;49.26;-02.33;;;;;;;;;;;;;;;;;;;;;;;;;;;;;;;;;;;;;;;;;;;;;;;;;;;;;;;;;;;;;;;;;;;;;;;;;;;;;;;;;0;0;0;0;0;0;0;0;0;0;0;0;0;0;0;2;0;1;1;0;1;0;1;0;0;0;1;0;2;0;0;0;1;0;0;0;1;1;1;0;0;0;0;0;0;0;0;0;0;0;0;0;0;0;0;0;0;0;0;0;0;0;0;0;0;0;0;0;0;0;0;0;0;0;0;0;0;0;0;0;0;0;0;0;0;0;0;0;0;0;0;0;0;0;0;0;0;0;0;0;0;0;0;0;0;0;0;0;0;0;0;0;0;0;0;0;0;0;0;0;0;0;0;0;0;0;0;0;0;0;13
GH;Ghana;Ghana;Afrique;05.35;-00.06;;;;;;;;;;;;;;;;;;;;;;;;;;;;;;;;;;;;;;;;;;;;;;;;;;;;;;;;;;;;;;;;;;;;;;;;;;0;;0;0;0;0;0;0;0;1;0;1;0;1;0;0;2;0;0;0;0;0;0;0;0;0;0;1;0;0;2;0;0;0;0;0;0;1;0;0;0;0;0;1;0;1;0;5;0;1;0;1;0;0;0;0;0;0;4;0;0;0;2;0;4;1;0;0;2;0;0;0;0;1;0;2;0;0;0;1;1;0;2;0;0;4;2;0;4;0;0;0;0;3;3;0;4;8;0;4;15;0;0;10;0;0;8;0;9;0;0;5;0;0;0;5;7;0;0;0;6;0;4;0;0;0;0;5;1;3;5;0;0;0;8;0;7;168
GI;Gibraltar;Gibraltar;Europe;36.08;-5.20;;;;;;;;;;;;;;;;;;;;;;;;;;;;;;;;;;;;;;;;;;;;;;;;;;;;;;;;;;;;;;;;;;;;;;;;;;;;;;;;;0;0;0;0;0;0;0;0;0;0;0;0;0;0;0;0;0;0;0;0;0;0;0;0;0;0;0;0;0;0;0;0;0;0;0;0;0;0;0;0;0;0;0;0;0;0;0;0;0;0;0;0;0;0;0;0;0;0;0;0;0;0;0;0;0;0;0;0;0;0;0;0;0;0;0;0;0;0;0;0;0;0;0;0;0;0;0;0;0;0;0;0;0;0;0;0;0;0;0;0;0;0;0;0;0;0;0;0;0;0;0;0;0;0;0;0;0;0;0;0;0;0;0;0;0;0;0;0;0;0;0
GL;Groeland;Greenland;Europe;70;-45;;;;;;;;;;;;;;;;;;;;;;;;;;;;;;;;;;;;;;;;;;;;;;;;;;;;;;;;;;;;;;;;;;;;;;;;;;;;;;;;;0;0;0;0;0;0;0;0;0;0;0;0;0;0;0;0;0;0;0;0;0;0;0;0;0;0;0;0;0;0;0;0;0;0;0;0;0;0;0;0;0;0;0;0;0;0;0;0;0;0;0;0;0;0;0;0;0;0;0;0;0;0;0;0;0;0;0;0;0;0;0;0;0;0;0;0;0;0;0;0;0;0;0;0;0;0;0;0;0;0;0;0;0;0;0;0;0;0;0;0;0;0;0;0;0;0;0;0;0;0;0;0;0;0;0;0;0;0;0;0;0;0;0;0;0;0;0;0;0;0;0
GM;Gambie;Gambie;Afrique;13.28;-16.40;;;;;;;;;;;;;;;;;;;;;;;;;;;;;;;;;;;;;;;;;;;;;;;;;;;;;;;;;;;;;;;;;;;;;;;;;;;;;;;0;0;0;0;0;0;1;0;0;0;0;0;0;0;0;0;0;0;0;0;0;0;0;0;0;0;0;0;0;0;0;0;0;0;0;0;0;0;0;0;0;0;0;0;0;0;0;0;0;0;0;0;0;0;0;0;0;0;0;0;0;0;0;0;0;0;0;0;0;0;0;0;0;0;0;0;0;0;0;0;0;0;0;0;0;0;0;0;0;0;0;0;0;0;0;1;0;0;0;0;0;0;0;0;0;0;0;0;0;0;0;1;0;0;0;0;0;0;0;0;0;0;0;1;0;0;0;1;0;1;0;0;6
GN;Guinée;Guinea;Afrique;09.29;-13.49;;;;;;;;;;;;;;;;;;;;;;;;;;;;;;;;;;;;;;;;;;;;;;;;;;;;;;;;;;;;;;;;;;;;;;;;;;;0;0;;0;0;0;0;0;0;0;0;0;0;0;0;0;0;0;0;0;0;0;0;0;0;0;0;0;0;0;0;0;0;1;0;2;0;2;0;1;0;0;0;1;0;0;0;0;0;0;0;0;2;1;1;0;0;0;0;0;0;3;0;1;1;0;0;2;0;1;0;1;0;0;0;1;1;0;1;0;0;0;0;0;0;0;0;0;0;0;0;1;1;0;1;0;0;0;1;0;0;0;2;0;0;0;1;1;0;2;0;0;0;1;0;0;0;0;2;1;0;0;0;0;1;0;1;0;0;1;1;0;1;0;0;1;43
GQ;Guinée équatoriale;Equatorial Guinea;Afrique;03.45;08.50;;;;;;;;;;;;;;;;;;;;;;;;;;;;;;;;;;;;;;;;;;;;;;;;;;;;;;;;;;;;;;;;;;;;;;;;;;;;0;0;0;0;0;0;0;0;0;0;0;0;0;0;0;0;0;0;0;0;0;0;0;0;0;0;0;0;0;0;0;0;0;0;0;0;0;0;0;0;1;0;0;0;0;0;0;0;0;0;0;1;2;0;0;0;0;0;0;0;2;1;0;0;0;0;0;0;3;0;2;0;0;0;0;0;0;0;0;0;0;0;0;0;0;0;0;0;0;0;0;0;0;0;0;0;0;20;0;0;0;0;0;0;0;0;0;0;0;0;19;0;0;0;0;0;0;0;0;0;0;0;0;0;0;0;0;0;0;0;0;0;0;0;0;51
GT;Guatemala;Guatemala;Amérique latine;14.40;-90.22;;;;;;;;;;;;;;;;;;;;;;;;;;;;;;;;;;;;;;;;;;;;;;;;;;;;;;;;;;;;;;;;;;;;;;;;;;;;0;1;0;0;0;0;0;0;0;0;0;0;0;0;0;0;0;0;0;0;0;1;1;0;0;0;0;0;0;2;0;0;0;2;0;0;0;0;1;2;1;0;2;2;0;1;0;0;0;1;0;2;0;2;2;1;0;2;0;1;2;0;1;3;2;3;5;2;3;3;4;3;1;4;5;12;10;12;6;8;7;20;15;58;14;22;15;22;27;18;17;16;17;15;19;14;17;34;31;17;16;35;19;22;49;34;21;19;27;44;26;37;40;27;34;23;49;39;47;33;47;25;58;48;54;39;6;36;17;29;42;59;37;0;65;1734
GU;Guam;Guam;Pacifique occidental;13.28;144.48;;;;;;;;;;;;;;;;;;;;;;;;;;;;;;;;;;;;;;;;;;;;;;;;;;;;;;;;;;;;;;;;;;;;;;;;;;;;;;;0;0;0;0;1;0;0;0;0;0;0;0;0;0;2;0;0;1;0;0;0;0;0;0;0;1;0;0;0;0;0;0;0;0;0;0;0;0;0;0;0;0;0;0;0;0;0;0;0;0;0;0;0;0;0;0;0;0;0;0;0;0;0;0;0;0;0;0;0;0;0;0;0;0;0;0;0;0;0;0;0;0;0;0;0;0;0;0;0;0;0;0;0;0;0;0;0;0;0;0;0;0;0;0;0;0;0;0;0;0;0;0;0;0;0;0;0;0;0;0;0;0;0;0;0;0;0;0;0;0;0;0;5
GW;Guinée Bissau;Guinea Bissau;Afrique;11.52;-15.36;;;;;;;;;;;;;;;;;;;;;;;;;;;;;;;;;;;;;;;;;;;;;;;;;;;;;;;;;;;;;;;;;;;;;;;;;;;;;;;;;;;;;;;;0;0;0;0;0;0;0;0;0;0;0;0;0;0;0;0;0;0;0;0;0;0;0;0;0;0;0;0;0;0;0;1;0;0;0;0;0;0;1;0;0;0;0;0;1;0;0;0;0;0;0;0;1;0;2;0;0;0;0;0;0;0;1;0;1;0;0;0;0;0;1;3;0;0;0;0;0;0;0;3;0;0;0;0;0;0;2;0;2;0;0;0;0;2;0;0;3;0;0;0;1;0;0;0;0;0;0;0;0;0;1;0;0;0;0;0;0;0;0;0;0;0;0;26
GY;Guyana;Guyana;Amérique latine;06.46;-58.10;;;;;;;;;;;;;;;;;;;;;;;;;;;;;;;;;;;;;;;;;;;;;;;;;;;;;;;;;;;;;;;;;;;;;;;;;;1;;;0;0;0;0;0;0;0;0;0;0;0;0;0;0;0;0;1;2;0;0;0;0;1;0;1;0;0;0;0;0;0;0;0;0;1;0;0;0;0;0;1;0;0;0;0;0;1;0;0;0;0;1;0;0;0;0;0;0;0;0;0;0;0;0;0;0;0;0;0;0;0;1;0;0;0;0;1;0;0;0;0;0;0;0;0;0;0;0;0;0;0;0;0;0;0;0;0;0;0;0;0;0;0;0;0;0;0;0;1;1;0;0;1;1;0;0;0;0;1;0;0;0;1;1;0;0;0;0;0;0;0;1;0;0;20
HN;Honduras;Honduras;Amérique latine;14.05;-87.14;;;;;;;;;;;;;;;;;;;;;;;;;;;;;;;;;;;;;;;;;;;;;;;;;;;;;;;;;;;;;;;;;;;;;;;;;0;;0;;0;0;0;0;0;0;0;0;0;0;0;1;0;1;1;4;3;4;1;0;7;0;0;0;1;0;1;1;0;1;5;4;6;5;0;0;0;0;1;0;0;12;2;0;5;5;4;0;1;6;0;11;6;6;2;1;0;8;5;2;10;1;4;4;4;1;4;5;11;7;6;2;6;6;2;3;2;11;5;8;9;9;5;2;8;4;9;19;4;12;4;2;10;8;6;7;6;9;5;32;10;12;9;45;8;0;6;12;45;49;14;24;10;17;21;17;10;46;21;3;15;18;18;10;0;56;9;35;53;18;5;50;37;18;1116
HR;Croatie;Croatie;Europe;45.50;15.58;0;0;0;0;0;0;0;0;0;0;0;0;0;0;0;0;0;0;0;0;0;0;0;0;0;0;0;0;0;0;0;0;0;0;0;0;0;0;0;0;0;0;0;0;0;0;0;0;0;0;0;0;0;0;0;0;0;0;0;0;0;0;0;0;0;;0;0;0;;;0;0;0;0;0;0;0;0;0;0;0;0;0;0;1;0;1;1;2;1;0;0;0;1;1;4;3;1;2;1;1;1;0;2;2;6;3;1;1;3;8;0;1;0;2;1;3;1;4;4;4;2;6;2;2;1;3;2;1;0;1;3;1;0;3;0;1;0;0;0;1;0;1;2;0;0;1;1;0;1;1;0;0;0;0;0;0;0;1;0;0;2;0;0;1;0;0;0;0;0;0;0;0;0;0;0;0;0;0;0;0;0;0;1;2;2;1;0;0;0;1;1;2;1;1;0;0;0;0;1;0;0;2;0;3;3;0;5;3;136
HT;Haïti;Haiti;Amérique latine;18.40;-72.20;;;;;;;;;;;;;;;;;;;;;;;;;;;;;;;;;;;;;;;;;;;;;;;;;;;;;;;;;;;;;;;;;;;;;;;;;;;;;;;;;0;0;0;0;0;0;0;0;0;0;0;0;0;0;0;0;0;0;1;0;0;1;0;0;1;0;0;0;0;0;0;0;0;1;0;1;0;1;0;0;0;0;2;0;0;0;3;1;0;0;0;0;3;1;2;0;2;0;0;0;1;1;0;3;0;1;1;4;2;1;1;0;6;3;1;3;2;0;0;0;1;3;2;2;6;0;6;3;3;4;2;2;3;1;0;0;1;3;4;2;2;4;1;0;2;3;0;3;0;0;4;6;0;12;4;0;2;2;2;0;1;0;0;0;8;0;0;2;0;1;157
HU;Hongrie;Hungary;Europe;47.29;19.05;;;;;;;;;;;;;;;;;;;;;;;;;;;;;;;;;;;;;;;;;;;;;;;;;;;;;;;;;;;;;;;;;;0;;0;0;0;0;0;0;0;0;0;1;0;0;0;0;3;0;3;1;2;0;0;1;2;2;1;4;1;5;6;2;4;9;11;8;11;8;14;10;13;12;8;14;16;17;10;14;12;0;25;12;10;8;11;9;12;11;12;5;11;12;10;10;9;13;8;8;4;5;6;6;6;3;11;5;3;3;3;6;4;5;8;6;4;8;0;7;2;6;2;0;5;3;0;0;6;2;1;2;2;4;4;2;2;1;0;2;0;2;1;0;3;1;1;0;3;4;0;1;1;1;1;0;0;0;0;2;2;2;0;0;0;0;0;0;1;0;0;0;0;0;0;0;0;596
ID;Indonésie;Indonesia;Asie du Sud-Est;-06.09;106.49;0;0;0;0;0;0;0;0;0;0;0;0;0;0;0;0;0;0;0;0;0;0;0;0;0;0;0;0;0;0;0;0;0;0;0;0;0;0;0;0;0;0;0;0;0;0;0;0;0;0;0;0;0;0;0;0;0;0;0;0;0;0;0;;;;;0;;0;;0;1;;3;0;1;0;0;0;14;6;13;10;1;6;3;20;9;15;12;8;14;21;13;11;10;7;11;12;19;40;26;21;46;26;60;10;27;24;15;47;8;26;19;12;42;31;23;22;8;11;8;8;31;14;19;8;23;35;13;16;14;18;16;21;15;33;13;59;43;30;21;36;48;25;21;19;27;55;23;24;53;40;28;22;35;23;49;31;50;32;40;36;41;48;43;43;64;33;45;63;34;56;36;35;35;38;47;63;37;34;51;71;58;53;49;53;82;70;68;50;58;52;66;71;50;54;87;76;84;59;127;96;81;139;117;89;49;67;4781
IE;Irlande;Ireland;Europe;53.21;-06.15;0;0;0;0;0;0;0;0;0;0;0;0;0;0;0;0;0;0;0;0;0;0;0;0;0;0;0;0;0;0;0;0;0;0;0;0;0;0;0;0;0;0;0;0;0;0;0;0;0;0;0;0;0;0;0;0;0;0;0;0;0;0;0;;0;0;0;0;0;0;;0;1;0;0;1;0;0;0;0;1;0;0;1;2;1;2;10;3;14;10;8;17;14;13;22;17;21;16;36;25;28;24;33;14;31;41;38;42;44;41;39;77;43;39;25;35;234;24;15;57;31;42;33;0;38;16;20;36;28;26;17;12;9;21;9;9;12;15;10;4;14;10;12;9;12;2;0;9;16;8;6;5;0;0;8;1;5;6;0;9;4;8;4;8;2;0;1;0;3;1;4;0;1;0;2;3;6;1;3;4;1;0;1;2;0;2;1;0;0;2;0;0;1;2;0;0;0;2;1;3;1;0;0;0;1;9;0;1;0;1764
IL;Israël;Israel;Europe;31.47;35.12;0;0;0;0;0;0;0;0;0;0;0;0;0;0;0;0;0;0;0;0;0;0;0;0;0;0;0;0;0;0;0;0;0;0;0;0;0;0;0;0;0;0;0;0;0;0;0;0;0;0;0;0;0;0;0;0;0;0;0;0;0;0;0;;;0;0;0;0;0;;0;0;0;0;0;0;0;0;0;0;1;0;0;0;2;2;3;2;2;3;2;3;1;13;5;7;3;8;8;6;15;9;6;2;13;7;7;12;9;13;8;5;7;7;2;1;5;0;3;6;7;7;3;4;3;3;3;1;1;5;2;5;6;2;4;1;1;2;4;0;5;2;0;0;0;1;1;0;0;3;0;0;1;2;3;1;0;1;5;1;0;1;0;1;0;0;2;0;1;0;0;1;1;1;1;1;0;1;5;3;1;1;1;2;3;1;4;1;7;4;2;4;3;3;8;3;6;9;4;8;9;8;6;10;5;12;6;9;13;470
IM;Île de Man;Isle of Man;Europe;54.15;-4.30;;;;;;;;;;;;;;;;;;;;;;;;;;;;;;;;;;;;;;;;;;;;;;;;;;;;;;;;;;;;;;;;;;;;;;;;;;;;;;;;;;0;0;0;0;0;0;0;0;0;0;0;0;0;1;0;0;0;0;0;0;0;0;0;1;0;0;0;2;0;2;0;3;1;5;1;2;0;0;0;3;0;0;1;0;0;1;0;0;0;0;0;0;0;0;0;0;1;0;0;0;0;0;0;0;0;0;0;0;0;0;0;0;0;0;0;0;0;0;0;0;0;0;0;0;0;0;0;0;0;0;0;0;0;0;0;0;0;0;0;0;0;0;0;0;0;0;0;0;0;0;0;0;0;0;0;0;0;0;0;0;0;0;0;0;0;0;0;0;0;24
IN;Inde;India;Asie du Sud-Est;23;77.13;0;0;0;0;0;0;0;0;0;0;0;0;0;0;0;0;0;0;0;0;0;0;0;0;0;0;0;0;0;0;0;0;0;0;0;0;0;0;0;0;0;0;0;0;0;0;0;0;0;0;0;0;0;0;0;0;0;0;0;0;0;0;0;0;0;0;0;0;0;;0;0;0;1;1;0;0;1;0;0;1;0;0;3;2;0;4;4;2;6;4;3;3;15;6;12;9;32;5;35;17;33;40;34;35;31;38;37;23;43;27;36;47;50;41;37;57;49;48;62;73;67;73;71;83;72;195;126;89;103;95;128;97;87;122;134;100;103;120;157;134;140;132;148;137;147;154;146;170;194;175;265;193;230;204;217;260;273;294;287;206;331;279;357;396;386;311;325;380;2003;334;336;375;306;445;312;465;418;407;384;410;380;418;507;434;379;442;613;425;467;482;487;475;519;551;500;553;582;606;687;671;543;681;587;648;1129;740;757;705;708;32771
IQ;Irak;Iraq;Méditerranée orientale;33.20;44.30;0;0;0;0;0;0;0;0;0;0;0;0;0;0;0;0;0;0;0;0;0;0;0;0;0;0;0;0;0;0;0;0;0;0;0;0;0;0;0;0;0;0;0;0;0;0;0;0;0;0;0;0;0;0;0;0;0;0;0;0;0;0;0;0;0;0;2;;0;4;;0;2;0;1;0;0;0;2;1;0;2;3;3;3;4;2;7;4;2;0;4;4;0;4;0;2;5;3;0;5;0;1;2;4;2;0;1;1;1;0;1;0;1;0;0;3;0;1;1;0;4;1;1;1;2;1;4;0;0;2;3;2;1;2;3;0;2;4;2;4;4;3;6;7;5;8;3;6;6;4;6;10;10;10;20;21;15;14;33;28;24;22;34;31;39;53;58;45;60;61;83;0;157;87;67;84;79;107;122;101;96;83;104;107;110;102;106;105;94;118;94;103;78;95;95;100;95;87;90;94;75;90;88;81;92;80;90;72;78;4362
IR;Iran;Iran;Méditerranée orientale;33;53;0;0;0;0;0;0;0;0;0;0;0;0;0;0;0;0;0;0;0;0;0;0;0;0;0;0;0;0;0;0;0;0;0;0;0;0;0;0;0;0;0;0;0;0;0;0;0;0;0;0;0;2;0;2;1;3;4;3;4;7;8;9;11;12;11;15;15;17;21;49;43;54;63;75;85;97;113;129;135;147;149;149;123;129;127;122;143;157;144;139;123;117;141;138;124;0;292;151;136;133;121;117;122;125;117;111;98;94;92;89;73;87;91;88;94;90;93;76;60;96;71;80;71;63;65;47;74;63;78;68;55;48;51;45;48;50;71;48;35;51;69;62;64;66;51;59;58;34;57;56;63;50;57;63;81;64;70;59;63;75;72;70;74;81;78;75;71;107;113;115;120;87;120;115;116;119;121;133;134;0;234;144;162;147;141;148;154;148;163;160;200;153;221;142;188;194;203;179;199;198;183;188;209;217;229;219;221;0;0;626;15700
IS;Islande;Iceland;Europe;64.10;-21.57;0;0;0;0;0;0;0;0;0;0;0;0;0;0;0;0;0;0;0;0;0;0;0;0;0;0;0;0;0;0;0;0;0;0;0;0;0;0;0;0;0;0;0;0;0;0;0;0;0;0;0;0;0;0;0;0;0;0;0;0;0;0;0;0;0;0;0;0;0;0;0;0;0;0;0;0;0;0;0;0;1;0;0;0;1;0;0;0;0;0;0;0;0;0;2;0;0;0;2;0;0;0;1;1;0;0;0;0;0;0;1;0;1;0;0;0;0;0;0;0;0;0;0;0;0;0;0;0;0;0;0;0;0;0;0;0;0;0;0;0;0;0;0;0;0;0;0;0;0;0;0;0;0;0;0;0;0;0;0;0;0;0;0;0;0;0;0;0;0;0;0;0;0;0;0;0;0;0;0;0;0;0;0;0;0;0;0;0;0;0;0;0;0;0;0;0;0;0;0;0;0;0;0;0;0;0;0;0;0;0;10
IT;Italie;Italy;Europe;41.54;12.29;0;0;0;0;0;0;0;0;0;0;0;0;0;0;0;0;0;0;0;0;0;0;0;0;0;0;0;0;0;0;0;0;0;0;0;0;0;0;0;0;0;0;0;0;0;0;0;0;0;0;0;0;0;0;2;0;4;5;1;5;4;8;6;17;28;27;41;49;36;133;98;167;196;189;252;173;370;347;347;473;429;625;795;649;601;743;685;660;971;887;758;810;839;727;760;764;681;527;636;604;540;612;570;619;431;564;604;578;525;575;480;433;454;534;437;464;420;415;260;333;382;323;285;269;474;174;195;236;369;274;243;194;165;179;172;195;262;242;153;145;99;162;161;156;130;119;50;92;78;117;70;87;111;75;60;55;71;88;85;72;53;65;79;71;53;56;78;44;26;34;43;66;47;49;24;23;18;-31;34;30;8;22;6;23;21;30;15;21;7;8;30;15;12;12;7;9;13;17;13;20;11;14;3;13;15;9;10;5;5;5;35107
JE;Jersey;Jersey;Europe;49.12;-2.09;;;;;;;;;;;;;;;;;;;;;;;;;;;;;;;;;;;;;;;;;;;;;;;;;;;;;;;;;;;;;;;;;;;;;;;;;;;;;;;;;0;0;0;0;0;0;0;1;0;0;1;0;0;0;0;0;1;0;0;0;0;0;1;0;0;0;0;2;4;1;1;0;2;0;4;1;0;0;0;0;1;1;2;1;0;0;0;0;1;0;0;0;0;0;1;1;0;0;0;0;0;1;1;0;0;0;0;0;0;0;0;0;0;0;0;1;0;0;0;0;0;0;0;0;0;0;0;0;0;0;0;0;1;0;0;0;0;0;0;0;0;0;0;0;0;0;0;0;0;0;0;0;0;0;0;0;0;0;0;0;0;0;0;0;0;0;0;0;0;0;31
JM;Jamaïque;Jamaica;Amérique latine;18.00;-76.50;;;;;;;;;;;;;;;;;;;;;;;;;;;;;;;;;;;;;;;;;;;;;;;;;;;;;;;;;;;;;;;;;;;;;;;;;0;0;0;;0;0;0;0;0;0;0;0;0;1;0;0;0;0;0;0;0;2;0;0;0;0;0;0;1;0;0;0;0;0;1;0;0;0;0;0;1;0;0;0;1;0;0;0;0;0;1;0;0;1;0;0;0;0;0;0;0;0;0;0;0;0;0;0;0;0;0;0;0;0;0;0;0;0;0;0;0;0;0;0;0;1;0;0;0;0;0;0;0;0;0;0;0;0;0;0;0;0;0;0;0;0;0;0;0;0;0;0;0;0;0;0;0;0;0;0;0;0;0;0;0;0;0;0;0;0;0;0;0;0;0;0;0;0;10
JO;Jordanie;Jordan;Méditerranée orientale;31.57;35.52;;;;;;;;;;;;;;;;;;;;;;;;;;;;;;;;;;;;;;;;;;;;;;;;;;;;;;;;;;;;;;;;0;;;;;0;;;;;;;0;0;0;0;0;0;0;0;0;0;0;0;0;0;1;0;4;0;0;0;0;0;0;1;0;0;1;0;0;0;0;0;0;0;0;0;0;0;0;0;0;0;0;0;0;1;0;0;0;1;0;0;0;0;0;0;0;0;0;0;0;0;0;0;0;0;0;0;0;0;0;0;0;0;0;0;0;0;0;0;0;0;0;0;0;0;0;0;0;0;0;0;0;0;0;0;0;0;0;0;0;0;0;0;0;0;0;0;0;0;0;1;0;0;0;0;0;0;0;0;0;0;0;0;0;0;1;0;0;0;0;0;0;0;0;11
JP;Japon;Japan;Pacifique occidental;35.41;139.46;0;0;0;0;0;0;0;0;0;0;0;0;0;0;0;0;0;0;0;0;0;0;0;0;0;0;0;0;0;0;0;0;0;0;0;0;0;0;0;0;0;0;0;0;1;0;0;0;0;0;0;0;0;0;0;0;0;0;2;0;0;2;1;0;0;0;0;0;0;1;2;3;3;4;2;1;2;4;0;1;4;2;1;5;1;1;2;1;3;3;2;2;0;1;6;6;1;3;7;1;4;3;6;4;4;7;10;17;12;6;7;10;15;0;101;30;17;14;3;25;13;26;17;26;34;18;11;22;8;6;44;12;8;22;25;19;23;15;19;5;14;8;6;19;12;12;10;16;12;0;16;12;5;1;2;6;3;4;7;2;0;0;3;1;2;2;1;0;2;4;4;0;17;0;1;2;8;5;1;2;0;1;0;2;1;1;1;0;0;1;2;1;1;0;0;0;0;2;1;0;0;0;0;3;1;1;2;1;3;0;996
KE;Kenya;Kenya;Afrique;-01.17;36.48;;;;;;;;;;;;;;;;;;;;;;;;;;;;;;;;;;;;;;;;;;;;;;;;;;;;;;;;;;;;;;;;;;;;;;;;;;;0;0;0;0;0;0;0;0;0;0;0;0;0;1;0;0;0;0;0;0;2;1;0;0;0;2;0;1;0;0;1;1;0;1;1;0;1;2;0;0;0;0;0;0;0;0;0;1;2;4;1;2;0;0;2;3;0;1;2;1;3;4;2;3;5;0;0;0;0;0;0;0;1;1;0;3;3;4;1;1;5;2;3;4;1;4;1;1;3;1;3;4;4;3;1;1;2;10;2;2;2;2;3;2;2;5;4;2;1;4;1;3;2;5;1;4;3;2;4;8;3;1;12;5;7;4;9;3;9;4;12;10;3;11;4;2;280
KG;Kirghizistan;Kyrgyzstan;Europe;42.54;74.46;;;;;;;;;;;;;;;;;;;;;;;;;;;;;;;;;;;;;;;;;;;;;;;;;;;;;;;;;;;;;;;;;;;;;;;;;;;;;;;;0;0;0;0;0;0;0;0;0;0;0;0;0;0;1;0;0;0;3;0;0;0;1;0;0;0;0;0;0;0;0;0;2;0;0;1;0;0;0;0;0;0;0;0;0;2;0;1;1;0;0;0;0;0;0;0;0;2;0;0;0;0;0;0;0;0;0;2;0;0;0;0;0;0;0;1;3;0;2;0;0;1;1;2;0;0;1;0;0;1;2;1;1;3;2;3;1;1;1;0;3;1;3;7;5;0;14;2;10;4;7;13;4;6;3;7;15;2;11;7;5;728;103;34;42;44;46;42;38;28;24;1301
KH;Cambodge;Cambodia;Pacifique occidental;11.33;104.55;0;0;0;0;0;0;0;0;0;0;0;0;0;0;0;0;0;0;0;0;0;0;0;0;0;0;0;0;0;0;0;0;0;0;0;0;0;0;0;0;0;0;0;0;0;0;0;0;0;0;0;0;0;0;0;0;0;0;0;0;0;0;0;;;;;;0;;;;0;0;;0;0;0;0;0;0;0;0;0;0;0;0;0;0;0;0;0;0;0;0;0;0;0;0;0;0;0;0;0;0;0;0;0;0;0;0;0;0;0;0;0;0;0;0;0;0;0;0;0;0;0;0;0;0;0;0;0;0;0;0;0;0;0;0;0;0;0;0;0;0;0;0;0;0;0;0;0;0;0;0;0;0;0;0;0;0;0;0;0;0;0;0;0;0;0;0;0;0;0;0;0;0;0;0;0;0;0;0;0;0;0;0;0;0;0;0;0;0;0;0;0;0;0;0;0;0;0;0;0;0;0;0;0;0;0;0
KM;Comores;Comoros;Afrique;-11.41;43.16;;;;;;;;;;;;;;;;;;;;;;;;;;;;;;;;;;;;;;;;;;;;;;;;;;;;;;;;;;;;;;;;;;;;;;;;;;;;;;;;;;;;;;;;;;;;;;;;;;;;;;;;;;;;;;;;;;;;;;;;;;;;0;0;0;1;0;0;0;0;0;0;0;0;0;0;0;0;0;0;0;0;0;0;0;0;0;0;1;0;0;0;0;0;0;0;0;0;0;0;0;0;0;0;0;0;0;0;1;0;2;0;0;0;0;2;0;0;0;0;0;0;0;0;0;0;0;0;0;0;0;0;0;0;0;0;0;0;0;0;0;0;0;0;0;0;0;0;0;7
KN;Saint-Kitts-et-Nevis;Saint Kitts and Nevis;Amérique latine;17.18;-62.44;;;;;;;;;;;;;;;;;;;;;;;;;;;;;;;;;;;;;;;;;;;;;;;;;;;;;;;;;;;;;;;;;;;;;;;;;;;;;;;;;;;;;;;0;0;0;0;0;0;0;0;0;0;0;0;0;0;0;0;0;0;0;0;0;0;0;0;0;0;0;0;0;0;0;0;0;0;0;0;0;0;0;0;0;0;0;0;0;0;0;0;0;0;0;0;0;0;0;0;0;0;0;0;0;0;0;0;0;0;0;0;0;0;0;0;0;0;0;0;0;0;0;0;0;0;0;0;0;0;0;0;0;0;0;0;0;0;0;0;0;0;0;0;0;0;0;0;0;0;0;0;0;0;0;0;0;0;0;0;0;0;0;0;0;0;0;0;0
KR;Corée du Sud;South Korea;Pacifique occidental;37.31;126.58;0;0;0;0;0;0;0;0;0;0;0;0;0;0;0;0;0;0;0;0;0;0;0;0;0;0;0;0;0;0;0;0;0;0;0;0;0;0;0;0;0;0;0;0;0;0;0;0;0;0;0;0;1;1;3;2;1;3;1;1;3;1;5;6;4;3;7;2;6;1;3;6;6;1;5;3;0;6;5;5;9;3;1;9;7;6;5;8;5;8;6;5;0;6;5;3;6;3;6;8;4;4;0;6;3;5;3;4;1;2;2;2;1;1;2;0;0;2;1;1;2;1;1;2;0;2;2;1;1;0;0;0;0;2;1;1;0;2;0;1;0;0;1;0;2;0;1;2;0;0;0;0;1;1;1;1;0;0;0;0;0;1;2;0;1;0;0;0;1;1;1;0;0;0;0;1;0;1;0;0;0;0;0;0;0;0;1;0;0;2;0;2;1;0;1;0;0;0;2;2;1;1;1;0;1;0;1;0;0;1;299
KW;Koweït;Kuwait;Méditerranée orientale;29.30;48.00;0;0;0;0;0;0;0;0;0;0;0;0;0;0;0;0;0;0;0;0;0;0;0;0;0;0;0;0;0;0;0;0;0;0;0;0;0;0;0;0;0;0;0;0;0;0;0;0;0;0;0;0;0;0;0;0;0;0;0;0;0;0;0;0;;;0;;0;0;0;0;0;0;0;0;0;0;0;0;0;0;0;0;0;0;0;0;0;0;0;0;0;0;0;0;1;0;0;0;0;0;0;0;0;1;1;0;0;2;1;1;2;2;2;1;1;4;1;2;1;1;2;4;3;5;2;0;2;2;3;2;9;7;10;7;6;8;11;5;6;3;3;5;9;10;8;9;7;3;10;9;11;7;8;6;4;6;8;10;10;5;4;2;4;6;4;7;2;5;3;2;5;6;7;4;4;3;2;2;3;4;2;4;4;1;1;5;3;5;4;2;3;1;3;4;3;3;3;3;2;3;1;0;4;5;4;4;4;4;433
KY;Îles Caïmans;Cayman Islands;Amérique latine;19.20;-81.24;;;;;;;;;;;;;;;;;;;;;;;;;;;;;;;;;;;;;;;;;;;;;;;;;;;;;;;;;;;;;;;;;;;;;;;;;;;;;;;;;0;1;0;0;0;0;0;0;0;0;0;0;0;0;0;0;0;0;0;0;0;0;0;0;0;0;0;0;0;0;0;0;0;0;0;0;0;0;0;0;0;0;0;0;0;0;0;0;0;0;0;0;0;0;0;0;0;0;0;0;0;0;0;0;0;0;0;0;0;0;0;0;0;0;0;0;0;0;0;0;0;0;0;0;0;0;0;0;0;0;0;0;0;0;0;0;0;0;0;0;0;0;0;0;0;0;0;0;0;0;0;0;0;0;0;0;0;0;0;0;0;0;0;0;0;0;0;0;0;0;1
KZ;Kazakhstan;Kazakhstan;Europe;51.10;71.30;;;;;;;;;;;;;;;;;;;;;;;;;;;;;;;;;;;;;;;;;;;;;;;;;;;;;;;;;;;;;;;;;;;;;;;;;;;;0;0;0;0;0;0;0;0;0;0;0;0;0;0;0;1;0;0;1;1;0;0;2;1;0;1;2;1;0;0;4;0;2;1;0;0;2;0;0;0;3;3;0;0;0;0;0;0;0;0;2;2;0;1;1;0;0;0;1;0;0;0;2;0;0;1;0;0;0;0;0;0;0;2;0;0;0;1;3;0;3;4;4;0;1;3;2;3;6;0;3;3;4;4;7;12;5;8;5;2;7;7;2;11;3;23;10;5;0;0;0;0;0;0;76;0;0;0;0;0;111;0;0;0;0;0;0;0;210;0;0;0;0;0;0;585
LA;Laos;Laos;Pacifique occidental;17.58;102.37;;;;;;;;;;;;;;;;;;;;;;;;;;;;;;;;;;;;;;;;;;;;;;;;;;;;;;;;;;;;;;;;;;;;;;;;;;;;;;;;;;;;;;0;0;0;0;0;0;0;0;0;0;0;0;0;0;0;0;0;0;0;0;0;0;0;0;0;0;0;0;0;0;0;0;0;0;0;0;0;0;0;0;0;0;0;0;0;0;0;0;0;0;0;0;0;0;0;0;0;0;0;0;0;0;0;0;0;0;0;0;0;0;0;0;0;0;0;0;0;0;0;0;0;0;0;0;0;0;0;0;0;0;0;0;0;0;0;0;0;0;0;0;0;0;0;0;0;0;0;0;0;0;0;0;0;0;0;0;0;0;0;0;0;0;0;0;0;0
LB;Liban;Lebanon;Méditerranée orientale;33.53;35.31;0;0;0;0;0;0;0;0;0;0;0;0;0;0;0;0;0;0;0;0;0;0;0;0;0;0;0;0;0;0;0;0;0;0;0;0;0;0;0;0;0;0;0;0;0;0;0;0;0;0;0;0;0;0;0;0;0;0;0;0;0;0;0;0;;;0;0;;0;0;1;1;0;;1;0;0;0;1;0;0;0;0;0;0;0;2;1;1;2;1;1;0;4;0;1;1;1;0;0;0;1;0;0;0;1;0;0;0;0;0;0;0;1;0;0;2;0;0;0;0;0;0;1;0;0;0;0;0;1;0;0;0;0;0;0;0;0;0;0;0;0;0;0;0;0;0;0;0;0;0;0;1;0;0;0;1;0;1;1;0;0;0;1;0;1;0;0;0;0;0;0;0;0;0;0;1;0;0;0;1;0;0;0;1;0;0;1;0;0;0;0;0;0;0;0;1;1;2;0;0;0;1;0;2;0;3;1;4;51
LC;Sainte Lucie;Saint Lucia;Amérique latine;14.02;-60.58;;;;;;;;;;;;;;;;;;;;;;;;;;;;;;;;;;;;;;;;;;;;;;;;;;;;;;;;;;;;;;;;;;;;;;;;;;;;0;0;0;0;0;0;0;0;0;0;0;0;0;0;0;0;0;0;0;0;0;0;0;0;0;0;0;0;0;0;0;0;0;0;0;0;0;0;0;0;0;0;0;0;0;0;0;0;0;0;0;0;0;0;0;0;0;0;0;0;0;0;0;0;0;0;0;0;0;0;0;0;0;0;0;0;0;0;0;0;0;0;0;0;0;0;0;0;0;0;0;0;0;0;0;0;0;0;0;0;0;0;0;0;0;0;0;0;0;0;0;0;0;0;0;0;0;0;0;0;0;0;0;0;0;0;0;0;0;0;0;0;0;0;0;0
LI;Liechtenstein;Liechtenstein;Europe;47.08;09.31;;;;;;;;;;;;;;;;;;;;;;;;;;;;;;;;;;;;;;;;;;;;;;;;;;;;;;;;;;;;;;;;;;0;;;;;;;0;0;0;0;0;0;0;0;0;0;0;0;0;0;0;0;0;0;0;0;0;0;0;0;1;0;0;0;0;0;0;0;0;0;0;0;0;0;0;0;0;0;0;0;0;0;0;0;0;0;0;0;0;0;0;0;0;0;0;0;0;0;0;0;0;0;0;0;0;0;0;0;0;0;0;0;0;0;0;0;0;0;0;0;0;0;0;0;0;0;0;0;0;0;0;0;0;0;0;0;0;0;0;0;0;0;0;0;0;0;0;0;0;0;0;0;0;0;0;0;0;0;0;0;0;0;0;0;0;0;0;0;0;0;0;0;0;0;1
LK;Sri Lanka;Sri Lanka;Asie du Sud-Est;6.54;79.54;0;0;0;0;0;0;0;0;0;0;0;0;0;0;0;0;0;0;0;0;0;0;0;0;0;0;0;0;0;0;0;0;0;0;0;0;0;0;0;0;0;0;0;0;0;0;0;0;0;0;0;0;0;0;0;0;0;0;0;0;0;0;0;;;;;;;;;;0;0;0;0;0;0;0;0;0;0;0;0;0;0;0;0;0;1;0;0;1;0;1;1;1;0;0;1;1;0;0;0;0;0;0;0;0;0;0;0;0;0;0;0;0;0;0;0;0;0;0;0;0;0;1;1;0;0;0;0;0;0;0;0;0;0;0;0;0;0;0;0;0;0;0;1;0;0;0;0;0;0;1;0;0;0;0;0;0;0;0;0;0;0;0;0;0;0;0;0;0;0;0;0;0;0;0;0;0;0;0;0;0;0;0;0;0;0;0;0;0;0;0;0;0;0;0;0;0;0;0;0;0;0;0;0;0;0;11
LR;Liberia;Liberia;Afrique;06.18;-10.47;;;;;;;;;;;;;;;;;;;;;;;;;;;;;;;;;;;;;;;;;;;;;;;;;;;;;;;;;;;;;;;;;;;;;;;;;;;;;;0;0;0;0;0;0;0;0;0;0;0;0;0;0;0;0;0;0;0;1;2;0;0;1;0;0;1;0;1;0;0;0;1;0;1;0;0;0;0;0;3;1;4;0;0;0;2;0;0;0;2;0;0;0;0;0;0;0;0;0;0;0;1;1;1;0;0;1;2;0;0;0;1;0;0;0;0;0;1;0;0;2;0;0;0;1;0;0;1;0;0;1;0;0;0;0;0;1;0;0;0;0;0;0;0;2;0;1;0;0;0;0;2;2;0;1;5;0;4;0;0;15;2;1;1;0;0;0;0;1;0;0;1;72
LS;Lesotho;Lesotho;Afrique;-29.18;27.28;;;;;;;;;;;;;;;;;;;;;;;;;;;;;;;;;;;;;;;;;;;;;;;;;;;;;;;;;;;;;;;;;;;;;;;;;;;;;;;;;;;;;;;;;;;;;;;;;;;;;;;;;;;;;;;;;;;;;;;;;;;;;;;;;;;;;;;;;0;0;0;0;0;0;0;0;0;0;0;0;0;0;0;0;0;0;0;0;0;0;0;0;0;0;0;0;0;0;0;0;0;0;0;0;0;0;0;0;0;0;0;0;0;0;0;0;0;0;0;0;0;0;0;0;1;0;0;1;0;1;0;0;0;3;0;0;0;0;0;0;3;2;11
LT;Lituanie;Lithuania;Europe;54.38;25.19;0;0;0;0;0;0;0;0;0;0;0;0;0;0;0;0;0;0;0;0;0;0;0;0;0;0;0;0;0;0;0;0;0;0;0;0;0;0;0;0;0;0;0;0;0;0;0;0;0;0;0;0;0;0;0;0;0;0;0;0;0;0;0;;;;;;;;;0;0;;0;0;0;0;0;0;0;1;0;0;0;1;2;0;1;2;0;0;0;1;1;0;0;4;1;1;0;0;2;6;1;0;0;5;3;1;0;3;1;1;0;2;0;1;0;0;3;1;0;0;1;0;0;0;2;1;0;1;0;0;0;4;0;0;1;1;3;1;0;1;0;2;0;0;2;1;2;0;2;0;0;1;0;0;0;0;0;0;1;2;0;0;1;0;1;0;0;0;0;0;0;0;1;1;0;0;0;0;0;0;0;0;1;0;0;0;0;0;0;0;0;0;0;0;0;0;0;1;0;0;0;0;0;0;0;0;80
LU;Luxembourg;Luxembourg;Europe;49.37;06.09;0;0;0;0;0;0;0;0;0;0;0;0;0;0;0;0;0;0;0;0;0;0;0;0;0;0;0;0;0;0;0;0;0;0;0;0;0;0;0;0;0;0;0;0;0;0;0;0;0;0;0;0;0;0;0;0;0;0;0;0;0;0;0;;;;;0;;0;;0;0;0;1;;0;0;0;1;2;1;3;0;0;0;0;1;6;3;3;1;1;6;1;1;0;5;5;3;2;6;2;8;4;1;0;2;0;3;0;1;2;3;2;3;2;0;3;0;1;0;1;2;0;4;0;0;2;2;0;1;0;0;1;1;0;1;0;3;0;2;0;0;0;0;1;0;0;0;0;0;0;0;0;0;0;0;0;0;0;0;0;0;0;0;0;0;0;0;0;0;0;0;0;0;0;0;0;0;0;0;0;0;0;0;0;0;0;0;0;0;0;0;0;1;0;0;0;0;0;0;0;0;0;0;1;0;0;0;112
LV;Lettonie;Latvia;Europe;56.53;24.08;;;;;;;;;;;;;;;;;;;;;;;;;;;;;;;;;;;;;;;;;;;;;;;;;;;;;;;;;;;;;;;;0;;;;;0;0;0;0;0;0;0;0;0;0;0;0;0;0;0;0;0;0;0;0;0;0;0;0;0;0;0;1;0;0;0;1;0;0;0;1;2;0;0;0;0;0;0;0;0;4;2;0;1;0;0;1;0;2;0;1;0;0;0;1;0;1;0;0;0;0;0;1;0;0;0;0;0;2;0;1;0;0;0;0;0;1;1;0;0;0;0;0;0;1;0;0;0;1;0;0;0;1;1;0;0;0;2;0;0;0;0;0;0;0;0;0;0;0;0;0;0;0;0;0;0;0;0;0;0;0;0;0;1;0;0;0;0;0;0;0;0;0;0;0;0;0;31
LY;Libye;Libya;Méditerranée orientale;32.54;13.11;;;;;;;;;;;;;;;;;;;;;;;;;;;;;;;;;;;;;;;;;;;;;;;;;;;;;;;;;;;;;;;;;;;;;;;;;;;;;;;;;;;;;;0;0;0;0;0;0;0;0;0;1;0;0;0;0;0;0;0;0;0;0;0;0;0;0;0;0;0;0;0;0;1;0;0;0;0;0;0;1;0;0;0;0;0;0;0;0;0;0;0;0;0;0;0;0;0;0;0;0;0;0;0;0;0;0;1;1;0;0;0;0;0;0;0;0;0;0;0;0;0;0;1;2;0;2;0;0;0;0;0;0;0;7;1;0;0;0;3;0;3;0;2;1;0;0;5;3;0;1;2;0;1;1;2;1;3;1;1;0;1;1;3;3;1;1;0;58
MA;Maroc;Morocco;Méditerranée orientale;32.2;-6.51;;;;;;;;;;;;;;;;;;;;;;;;;;;;;;;;;;;;;;;;;;;;;;;;;;;;;;;;;;;;;;;;0;;;0;;;;;;1;0;0;0;0;0;1;0;0;1;0;1;0;1;1;4;13;0;3;7;3;3;5;0;15;11;10;10;3;4;10;4;7;8;0;1;3;5;2;4;2;2;4;6;3;1;2;1;3;3;2;1;2;1;5;2;2;0;3;0;2;0;0;0;2;0;2;0;0;1;1;2;1;1;1;1;2;0;0;0;2;1;0;1;0;2;0;0;0;0;2;0;1;1;0;0;0;0;1;0;0;0;1;0;0;2;1;1;2;1;4;3;0;1;1;2;3;0;0;7;0;1;2;5;5;2;2;1;4;5;4;3;4;5;7;7;6;8;313
MC;Monaco;Monaco;Europe;43.43;7.25;0;0;0;0;0;0;0;0;0;0;0;0;0;0;0;0;0;0;0;0;0;0;0;0;0;0;0;0;0;0;0;0;0;0;0;0;0;0;0;0;0;0;0;0;0;0;0;0;0;0;0;0;0;0;0;0;0;0;0;0;0;0;0;;;;;;;;;;;;;0;0;0;0;0;0;0;0;0;0;0;0;0;0;0;0;0;0;0;0;0;2;0;0;0;0;0;0;0;0;0;0;1;0;0;0;0;0;0;0;1;0;0;0;0;0;0;0;0;0;0;0;0;0;0;0;0;0;0;0;0;0;1;0;0;0;0;0;0;0;0;0;0;0;0;0;0;0;0;0;0;0;0;0;0;0;0;0;0;0;0;0;0;0;0;0;0;0;0;0;0;0;0;0;0;0;0;0;0;0;0;0;0;0;0;0;0;0;0;0;0;0;0;0;0;0;0;0;0;0;0;0;0;0;0;5
MD;Moldavie;Moldova;Europe;47.02;28.50;;;;;;;;;;;;;;;;;;;;;;;;;;;;;;;;;;;;;;;;;;;;;;;;;;;;;;;;;;;;;;;;;;;;;0;;;0;0;0;0;0;0;0;0;1;0;0;0;0;0;0;0;0;1;0;0;0;2;1;1;2;4;3;4;3;5;2;0;1;2;4;4;6;8;2;4;7;3;3;3;4;7;7;2;6;5;4;8;3;2;1;7;4;7;2;7;9;8;6;7;3;9;3;10;4;4;6;7;5;4;5;8;11;6;7;8;6;3;4;12;0;3;5;8;8;10;12;12;6;4;10;13;8;5;12;10;11;6;14;9;7;10;5;7;13;6;9;6;9;4;11;12;8;5;10;8;11;10;11;5;2;7;9;1;7;9;5;4;11;12;5;7;7;6;3;735
ME;Monténégro;Montenegro;Europe;42.47;19.28;;;;;;;;;;;;;;;;;;;;;;;;;;;;;;;;;;;;;;;;;;;;;;;;;;;;;;;;;;;;;;;;;;;;;;;;;;;;;;;0;0;0;0;0;0;0;0;0;1;0;0;0;0;0;0;1;0;0;0;0;0;0;0;0;0;1;0;1;0;0;0;1;0;0;0;0;0;1;0;1;0;0;0;0;0;0;1;0;0;0;0;0;0;1;0;0;0;0;0;0;0;0;0;0;0;0;0;0;0;0;0;0;0;0;0;0;0;0;0;0;0;0;0;0;0;0;0;0;0;0;0;0;0;0;0;0;0;0;0;0;0;0;2;0;1;0;1;0;1;0;0;3;0;2;0;4;0;1;1;0;1;0;2;2;2;3;0;4;1;0;0;40
MG;Madagascar;Madagascar;Afrique;-18.55;47.31;;;;;;;;;;;;;;;;;;;;;;;;;;;;;;;;;;;;;;;;;;;;;;;;;;;;;;;;;;;;;;;;;;;;;;;;;;;;;;;;;;0;0;0;0;0;0;0;0;0;0;0;0;0;0;0;0;0;0;0;0;0;0;0;0;0;0;0;0;0;0;0;0;0;0;0;0;0;0;0;0;0;0;0;0;0;0;0;0;0;0;0;0;0;0;0;0;0;0;1;0;1;0;0;0;0;0;0;0;0;0;3;1;0;0;0;0;1;0;1;1;0;0;1;0;0;0;0;0;2;0;1;0;0;1;1;0;1;0;0;0;2;2;0;2;2;2;3;0;4;0;0;0;1;0;1;2;2;4;10;1;1;4;3;3;4;1;6;2;7;85
MK;Macédoine du Nord;North Macedonia;Europe;41.59;21.25;0;0;0;0;0;0;0;0;0;0;0;0;0;0;0;0;0;0;0;0;0;0;0;0;0;0;0;0;0;0;0;0;0;0;0;0;0;0;0;0;0;0;0;0;0;0;0;0;0;0;0;0;0;0;0;0;0;0;0;0;0;0;0;;;;;;;0;;0;;0;0;;0;0;0;0;0;0;0;1;1;0;0;1;0;1;2;1;2;1;1;1;5;0;4;5;4;2;0;2;0;4;6;1;1;3;0;2;3;1;1;0;1;2;2;4;6;2;4;4;1;2;1;1;2;1;1;1;0;0;1;3;0;2;1;3;3;2;4;1;1;1;0;0;3;3;3;4;5;2;7;1;4;2;2;2;2;3;1;7;5;2;8;9;5;8;9;6;6;11;5;9;4;8;6;3;9;9;12;4;4;15;0;13;7;5;5;8;2;6;8;7;3;4;4;8;5;8;8;10;0;10;3;6;9;0;460
ML;Mali;Mali;Afrique;12.39;-8;;;;;;;;;;;;;;;;;;;;;;;;;;;;;;;;;;;;;;;;;;;;;;;;;;;;;;;;;;;;;;;;;;;;;;;;;;;;;;;;;;;;;;;0;0;0;0;0;0;1;0;2;0;0;2;0;0;2;0;0;2;0;1;3;0;0;0;0;1;0;0;3;4;0;0;2;0;1;1;1;0;0;1;2;3;0;0;3;2;1;1;1;4;2;0;2;4;0;1;2;5;2;1;2;2;3;0;2;1;3;1;1;0;0;7;2;3;2;0;2;2;1;4;3;0;0;2;1;0;1;1;2;0;0;1;1;0;0;1;1;1;0;1;0;1;1;0;0;1;0;1;0;0;0;0;0;0;0;0;0;0;1;1;0;0;0;0;123
MM;Birmanie;Myanmar;Asie du Sud-Est;16.45;96.20;;;;;;;;;;;;;;;;;;;;;;;;;;;;;;;;;;;;;;;;;;;;;;;;;;;;;;;;;;;;;;;;;;;;;;;;;;;;;;0;;;;;;;0;0;0;0;0;0;0;0;1;0;0;0;0;0;0;0;2;0;0;0;1;0;0;0;0;1;0;0;0;0;0;0;0;0;0;0;0;1;0;0;0;0;0;0;0;0;0;0;0;0;0;0;0;0;0;0;0;0;0;0;0;0;0;0;0;0;0;0;0;0;0;0;0;0;0;0;0;0;0;0;0;0;0;0;0;0;0;0;0;0;0;0;0;0;0;0;0;0;0;0;0;0;0;0;0;0;0;0;0;0;0;0;0;0;0;0;0;0;0;0;0;0;0;0;0;0;6
MN;Mongolie;Mongolia;Pacifique occidental;47.55;106.55;;;;;;;;;;;;;;;;;;;;;;;;;;;;;;;;;;;;;;;;;;;;;;;;;;;;;;;;;;;;;;;;;;;;;;;;0;;;;0;;;0;0;0;0;0;0;0;0;0;0;0;0;0;0;0;0;0;0;0;0;0;0;0;0;0;0;0;0;0;0;0;0;0;0;0;0;0;0;0;0;0;0;0;0;0;0;0;0;0;0;0;0;0;0;0;0;0;0;0;0;0;0;0;0;0;0;0;0;0;0;0;0;0;0;0;0;0;0;0;0;0;0;0;0;0;0;0;0;0;0;0;0;0;0;0;0;0;0;0;0;0;0;0;0;0;0;0;0;0;0;0;0;0;0;0;0;0;0;0;0;0;0;0;0;0;0;0;0;0;0;0;0;0
MP;Îles Mariannes du Nord;Northern Mariana Islands;Pacifique occidental;15.15;145.45;;;;;;;;;;;;;;;;;;;;;;;;;;;;;;;;;;;;;;;;;;;;;;;;;;;;;;;;;;;;;;;;;;;;;;;;;;;;;;;;;;;;;;;;;;;;0;0;1;0;0;0;0;0;1;0;0;0;0;0;0;0;0;0;0;0;0;0;0;0;0;0;0;0;0;0;0;0;0;0;0;0;0;0;0;0;0;0;0;0;0;0;0;0;0;0;0;0;0;0;0;0;0;0;0;0;0;0;0;0;0;0;0;0;0;0;0;0;0;0;0;0;0;0;0;0;0;0;0;0;0;0;0;0;0;0;0;0;0;0;0;0;0;0;0;0;0;0;0;0;0;0;0;0;0;0;0;0;0;0;0;0;0;0;0;2
MR;Mauritanie;Mauritania;Afrique;18.5;-11.58;;;;;;;;;;;;;;;;;;;;;;;;;;;;;;;;;;;;;;;;;;;;;;;;;;;;;;;;;;;;;;;;;;;;;;;;;;;;0;0;0;0;0;0;0;0;0;0;0;0;0;0;0;0;0;0;0;1;0;0;0;0;0;0;0;0;0;0;0;0;0;0;0;0;0;0;0;0;0;0;0;0;0;0;0;0;0;0;0;0;0;0;0;0;0;0;0;0;1;0;1;0;1;0;0;0;1;0;1;0;0;3;7;0;4;1;2;0;8;0;8;4;0;0;0;18;0;0;13;0;13;4;2;0;2;0;13;0;3;0;3;5;0;1;0;6;0;0;3;0;0;1;0;0;5;4;5;0;0;3;2;0;0;0;0;6;0;0;0;0;1;0;0;156
MS;Montserrat;Montserrat;Amérique latine;16.45;-62.12;;;;;;;;;;;;;;;;;;;;;;;;;;;;;;;;;;;;;;;;;;;;;;;;;;;;;;;;;;;;;;;;;;;;;;;;;;;;;;;;;;0;0;0;0;0;0;0;0;0;0;0;;0;0;0;0;0;0;0;0;0;0;0;0;0;0;0;0;0;0;0;0;0;0;0;0;1;0;0;0;0;0;0;0;0;0;0;0;0;0;0;0;0;0;0;0;0;0;0;0;0;0;0;0;0;0;0;0;0;0;0;0;0;0;0;0;0;0;0;0;0;0;0;0;0;0;0;0;0;0;0;0;0;0;0;0;0;0;0;0;0;0;0;0;0;0;0;0;0;0;0;0;0;0;0;0;0;0;0;0;0;0;0;0;0;0;0;0;0;1
MT;Malte;Malta;Europe;35.54;14.31;;;;;;;;;;;;;;;;;;;;;;;;;;;;;;;;;;;;;;;;;;;;;;;;;;;;;;;;;;;;;;;;;;;;;0;;0;;0;0;0;0;0;0;0;0;0;0;0;0;0;0;0;0;0;0;0;0;0;0;0;0;0;0;0;0;1;1;0;1;0;0;0;0;0;0;0;0;0;0;0;0;0;1;0;0;0;0;0;0;0;0;0;1;0;0;0;0;0;0;0;1;0;0;0;0;0;0;0;0;0;0;0;0;0;1;0;0;0;0;2;0;0;0;0;0;0;0;0;0;0;0;0;0;0;0;0;0;0;0;0;0;0;0;0;0;0;0;0;0;0;0;0;0;0;0;0;0;0;0;0;0;0;0;0;0;0;0;0;0;0;0;0;0;0;0;9
MU;Maurice;Mauritius;Afrique;-20.09;57.30;;;;;;;;;;;;;;;;;;;;;;;;;;;;;;;;;;;;;;;;;;;;;;;;;;;;;;;;;;;;;;;;;;;;;;;;;;;;;;;;;0;0;1;1;0;0;0;0;0;0;1;0;0;2;2;0;0;0;0;0;0;0;2;0;0;0;0;0;0;0;0;0;0;0;0;0;0;0;0;1;0;0;0;0;0;0;0;0;0;0;0;0;0;0;0;0;0;0;0;0;0;0;0;0;0;0;0;0;0;0;0;0;0;0;0;0;0;0;0;0;0;0;0;0;0;0;0;0;0;0;0;0;0;0;0;0;0;0;0;0;0;0;0;0;0;0;0;0;0;0;0;0;0;0;0;0;0;0;0;0;0;0;0;0;0;0;0;0;0;0;10
MV;Maldives;Maldives;Asie du Sud-Est;04.00;73.28;;;;;;;;;;;;;;;;;;;;;;;;;;;;;;;;;;;;;;;;;;;;;;;;;;;;;;;;;;;;;;;;;;;;;0;0;;0;0;;0;0;0;0;0;0;0;0;0;0;0;0;0;0;0;0;0;0;0;0;0;0;0;0;0;0;0;0;0;0;0;0;0;0;0;0;0;0;0;0;0;0;0;0;0;0;0;0;1;0;0;0;0;0;1;1;0;0;0;0;0;1;0;0;0;0;0;0;0;0;0;0;0;0;1;0;0;0;0;0;1;1;0;0;0;0;1;0;0;0;0;0;0;0;0;0;0;0;0;0;0;0;0;0;0;0;0;0;0;1;0;1;0;0;1;1;0;1;0;0;0;0;0;1;0;1;0;0;0;0;0;0;0;0;0;0;15
MW;Malawi;Malawi;Afrique;-13.58;33.45;;;;;;;;;;;;;;;;;;;;;;;;;;;;;;;;;;;;;;;;;;;;;;;;;;;;;;;;;;;;;;;;;;;;;;;;;;;;;;;;;;;;;;;;;;;;;;;0;0;0;0;0;1;0;0;0;1;0;0;0;0;0;0;0;0;0;0;1;0;0;0;0;0;0;0;0;0;0;0;0;0;0;0;0;0;0;0;0;0;0;0;0;0;0;0;0;0;0;1;0;0;0;0;0;0;0;0;0;0;0;0;0;0;0;0;0;0;0;0;1;1;0;0;0;2;0;0;3;0;0;0;1;1;0;0;1;2;0;0;0;1;2;0;5;1;4;2;2;5;1;1;3;8;4;4;3;2;7;5;3;8;0;12;99
MX;Mexique;Mexico;Amérique du Nord;19.20;-99.10;0;0;0;0;0;0;0;0;0;0;0;0;0;0;0;0;0;0;0;0;0;0;0;0;0;0;0;0;0;0;0;0;0;0;0;0;0;0;0;0;0;0;0;0;0;0;0;0;0;0;0;0;0;0;0;0;0;0;0;0;0;0;0;;;;;;;0;;;0;0;0;0;0;0;0;0;0;2;0;0;2;1;0;3;4;4;4;8;1;8;13;10;19;15;31;16;33;20;39;40;23;36;74;43;37;60;104;36;26;145;113;99;152;84;46;83;135;163;127;113;89;93;117;236;197;257;199;193;112;108;353;294;257;290;278;132;155;334;424;420;479;190;215;239;501;463;447;371;364;151;237;470;1091;817;625;341;188;354;596;708;587;504;424;269;439;730;770;667;647;387;1044;759;793;965;718;719;602;267;473;648;741;679;654;523;273;480;895;782;730;665;539;276;443;878;579;668;736;578;296;301;915;790;718;737;729;306;43680
MY;Malaisie;Malaysia;Pacifique occidental;03.09;101.41;0;0;0;0;0;0;0;0;0;0;0;0;0;0;0;0;0;0;0;0;0;0;0;0;0;0;0;0;0;0;0;0;0;0;0;0;0;0;0;0;0;0;0;0;0;0;0;0;0;0;0;0;0;0;0;0;0;0;0;0;0;0;0;;0;0;0;0;0;0;0;0;0;0;0;0;0;0;2;0;0;0;2;6;4;1;4;4;3;1;7;3;6;2;5;3;4;4;1;1;2;2;3;3;3;1;5;1;1;2;2;1;0;3;1;2;1;2;0;1;1;0;2;1;0;2;0;1;1;0;0;1;0;1;0;2;1;0;1;0;0;1;0;0;1;0;0;0;0;0;0;0;0;0;0;0;0;0;1;1;0;0;0;1;0;1;1;1;0;0;0;0;0;0;0;0;0;0;0;0;0;0;0;0;0;0;0;0;0;0;0;0;0;0;1;0;0;0;0;0;0;0;1;0;0;0;0;0;0;1;124
MZ;Mozambique;Mozambique;Afrique;-25.58;32.32;;;;;;;;;;;;;;;;;;;;;;;;;;;;;;;;;;;;;;;;;;;;;;;;;;;;;;;;;;;;;;;;;;;;;;;;;;;;;;;;;;;;0;0;0;0;0;0;0;0;0;0;0;0;0;0;0;0;0;0;0;0;0;0;0;0;0;0;0;0;0;0;0;0;0;0;0;0;0;0;0;0;0;0;0;0;0;0;0;0;0;0;0;0;0;0;0;0;0;0;0;0;0;0;0;0;1;0;0;1;0;0;0;0;0;0;0;0;0;0;0;0;0;0;0;0;1;0;1;0;0;0;0;1;0;0;0;0;0;0;0;1;0;0;0;0;1;1;0;0;0;1;0;0;0;0;0;0;0;0;1;0;1;0;0;0;0;0;0;11
NA;Namibie;Namibia;Afrique;-22.35;17.04;;;;;;;;;;;;;;;;;;;;;;;;;;;;;;;;;;;;;;;;;;;;;;;;;;;;;;;;;;;;;;;;;;;;;;;;;;;;0;0;0;0;0;0;0;0;0;0;0;0;0;0;0;0;0;0;0;0;0;0;0;0;0;0;0;0;0;0;0;0;0;0;0;0;0;0;0;0;0;0;0;0;0;0;0;0;0;0;0;0;0;0;0;0;0;0;0;0;0;0;0;0;0;0;0;0;0;0;0;0;0;0;0;0;0;0;0;0;0;0;0;0;0;0;0;0;0;0;0;0;0;0;0;0;0;0;0;0;0;0;0;0;0;0;0;0;0;0;0;0;0;0;0;0;0;0;1;0;0;0;1;0;0;0;0;1;1;3;0;0;0;0;1;8
NC;Nouvelle Calédonie;New Caledonia;Pacifique occidental;-22.17;166.30;;;;;;;;;;;;;;;;;;;;;;;;;;;;;;;;;;;;;;;;;;;;;;;;;;;;;;;;;;;;;;;;;;;;;;;;;;;;;;;;;;0;0;0;0;0;0;0;0;0;0;0;0;0;0;0;0;0;0;0;0;0;0;0;0;0;0;0;0;0;0;0;0;0;0;0;0;0;0;0;0;0;0;0;0;0;0;0;0;0;0;0;0;0;0;0;0;0;0;0;0;0;0;0;0;0;0;0;0;0;0;0;0;0;0;0;0;0;0;0;0;0;0;0;0;0;0;0;0;0;0;0;0;0;0;0;0;0;0;0;0;0;0;0;0;0;0;0;0;0;0;0;0;0;0;0;0;0;0;0;0;0;0;0;0;0;0;0;0;0;0
NE;Niger;Niger;Afrique;16.27;8;;;;;;;;;;;;;;;;;;;;;;;;;;;;;;;;;;;;;;;;;;;;;;;;;;;;;;;;;;;;;;;;;;;;;;;;;;;;;;;;;;0;0;0;0;1;0;0;0;0;0;2;0;2;0;0;0;5;0;1;0;0;0;0;1;1;1;0;1;3;1;1;0;0;2;2;0;3;2;0;2;1;0;1;2;1;1;1;0;4;2;1;1;0;1;2;1;1;0;3;1;0;3;2;0;1;0;1;1;1;0;0;0;0;1;0;0;0;0;0;0;0;0;0;0;0;1;0;0;0;1;0;0;0;0;0;0;0;0;0;0;0;0;0;0;1;0;0;0;0;0;0;0;0;0;0;0;0;1;0;0;0;0;0;0;0;0;0;0;0;69
NG;Nigeria;Nigeria;Afrique;09.05;07.32;0;0;0;0;0;0;0;0;0;0;0;0;0;0;0;0;0;0;0;0;0;0;0;0;0;0;0;0;0;0;0;0;0;0;0;0;0;0;0;0;0;0;0;0;0;0;0;0;0;0;0;0;0;0;0;0;0;0;0;0;0;0;0;;;;;;;;0;;;;;0;0;0;0;0;0;0;0;0;1;0;0;0;0;0;0;1;0;0;0;0;2;1;0;1;0;1;0;3;0;0;1;1;1;4;2;2;1;3;3;3;1;3;5;0;4;7;7;10;17;2;6;5;5;4;10;11;15;7;8;6;3;4;5;6;9;1;8;11;10;0;5;7;16;5;5;2;12;14;12;15;1;8;10;9;12;7;4;17;5;12;8;13;4;31;14;6;12;19;12;7;8;9;7;5;4;7;8;17;13;13;12;6;11;9;15;15;5;20;15;16;4;10;6;9;3;6;11;12;4;8;20;12;11;2;858
NI;Nicaragua;Nicaragua;Amérique latine;12.06;-86.20;;;;;;;;;;;;;;;;;;;;;;;;;;;;;;;;;;;;;;;;;;;;;;;;;;;;;;;;;;;;;;;;;;;;;;;;;;;;;;;;0;0;0;0;0;0;0;0;0;1;0;0;0;0;0;0;0;0;0;0;0;0;0;0;0;0;0;0;0;0;0;0;0;1;0;0;0;1;0;0;0;0;1;0;0;0;1;0;0;0;0;0;0;0;0;3;0;0;0;0;0;0;0;0;0;9;0;0;0;18;0;0;0;0;0;0;11;0;0;0;0;0;0;0;9;0;0;0;0;0;9;0;0;0;0;0;0;10;0;0;0;0;0;0;9;0;0;0;0;0;0;8;0;0;0;0;0;0;8;0;0;0;0;0;0;9;0;0;0;0;0;108
NL;Pays-Bas;Netherlands;Europe;52.23;04.54;0;0;0;0;0;0;0;0;0;0;0;0;0;0;0;0;0;0;0;0;0;0;0;0;0;0;0;0;0;0;0;0;0;0;0;0;0;0;0;0;0;0;0;0;0;0;0;0;0;0;0;0;0;0;0;0;0;0;0;0;0;0;0;0;0;0;0;1;0;2;0;1;1;0;0;7;8;4;19;15;18;30;30;43;34;63;80;78;112;93;132;93;175;134;166;148;164;115;101;234;147;148;115;132;94;86;122;189;181;144;142;83;67;165;138;123;112;120;66;43;48;145;84;98;94;69;26;86;36;84;71;63;18;16;54;52;28;53;27;10;14;21;33;27;13;23;11;8;26;15;32;28;20;5;6;5;10;13;15;6;2;3;15;11;2;9;4;2;0;11;4;4;3;8;1;0;5;2;3;3;2;0;2;6;2;3;2;6;1;1;4;3;0;0;0;0;0;0;1;0;0;0;0;0;0;3;0;0;1;0;6140
NO;Norvège;Norway;Europe;59.55;10.45;0;0;0;0;0;0;0;0;0;0;0;0;0;0;0;0;0;0;0;0;0;0;0;0;0;0;0;0;0;0;0;0;0;0;0;0;0;0;0;0;0;0;0;0;0;0;0;0;0;0;0;0;0;0;0;0;0;0;0;0;0;0;0;0;0;0;0;0;0;0;0;0;0;1;0;0;0;2;0;0;3;1;0;0;1;2;2;2;2;4;2;4;2;4;10;2;6;8;1;10;11;8;4;6;5;11;13;3;6;0;12;6;0;9;6;11;11;2;0;0;2;7;2;0;0;4;0;1;0;0;4;0;4;7;4;1;3;0;0;0;1;0;1;0;1;0;0;0;0;0;1;0;0;0;0;1;0;1;0;0;0;1;0;0;3;0;0;0;0;0;1;1;0;0;0;4;0;1;0;0;0;0;0;1;1;0;0;0;0;0;0;0;1;0;0;0;1;0;0;1;1;0;0;0;0;0;0;0;0;0;255
NP;Népal;Nepal;Asie du Sud-Est;27.45;85.20;0;0;0;0;0;0;0;0;0;0;0;0;0;0;0;0;0;0;0;0;0;0;0;0;0;0;0;0;0;0;0;0;0;0;0;0;0;0;0;0;0;0;0;0;0;0;0;0;0;0;0;0;0;0;0;0;0;0;0;0;0;0;0;;;;;;;;;;;;;;0;0;0;0;0;0;0;0;0;0;0;0;0;0;0;0;0;0;0;0;0;0;0;0;0;0;0;0;0;0;0;0;0;0;0;0;0;0;0;0;0;0;0;0;0;0;0;0;0;0;0;0;0;0;0;0;0;0;0;0;0;0;1;1;0;0;0;1;0;0;0;1;0;0;1;1;0;2;0;0;1;1;1;0;2;1;1;0;0;1;2;1;0;0;1;2;0;0;1;0;0;0;3;1;0;1;1;0;1;1;1;2;0;1;0;0;0;0;3;0;0;0;1;0;1;0;0;0;0;2;1;1;1;0;45
NZ;Nouvelle-Zélande;New Zealand;Pacifique occidental;-41.19;174.46;0;0;0;0;0;0;0;0;0;0;0;0;0;0;0;0;0;0;0;0;0;0;0;0;0;0;0;0;0;0;0;0;0;0;0;0;0;0;0;0;0;0;0;0;0;0;0;0;0;0;0;0;0;0;0;0;0;0;0;0;0;0;0;;0;0;0;0;;;;;;;0;0;;;0;0;0;0;0;0;0;0;0;0;0;1;0;0;0;0;0;0;0;0;0;0;0;1;2;0;1;4;0;0;2;0;1;0;1;1;2;1;1;0;1;0;0;0;0;1;0;0;0;1;0;0;0;0;0;0;0;0;0;0;0;0;0;0;0;0;0;0;0;0;0;1;0;0;0;0;0;0;0;0;0;0;0;0;0;0;0;0;0;0;0;0;0;0;0;0;0;0;0;0;0;0;0;0;0;0;0;0;0;0;0;0;0;0;0;0;0;0;0;0;0;0;0;0;0;0;0;0;0;0;0;0;22
OM;Oman;Oman;Méditerranée orientale;23.37;58.36;0;0;0;0;0;0;0;0;0;0;0;0;0;0;0;0;0;0;0;0;0;0;0;0;0;0;0;0;0;0;0;0;0;0;0;0;0;0;0;0;0;0;0;0;0;0;0;0;0;0;0;0;0;0;0;0;0;0;0;0;0;0;0;0;;0;0;;;;0;0;;;0;0;0;0;0;0;0;0;0;0;0;0;0;0;0;0;0;0;1;0;0;0;1;0;0;0;0;1;0;0;1;0;0;0;0;2;0;1;1;0;0;1;1;0;0;0;0;0;1;0;1;0;0;0;1;1;1;2;0;0;0;0;2;0;2;1;4;1;3;1;1;4;1;0;0;1;2;0;2;5;3;9;8;0;5;0;3;6;2;1;5;7;3;5;4;6;2;3;6;3;3;6;3;2;2;9;6;4;6;7;9;3;5;10;10;5;6;9;3;8;4;9;2;14;8;9;8;10;10;8;11;12;6;4;12;13;384
PA;Panama;Panama;Amérique latine;09.00;-79.25;;;;;;;;;;;;;;;;;;;;;;;;;;;;;;;;;;;;;;;;;;;;;;;;;;;;;;;;;;;;;;;;;;;;;;;0;1;0;0;0;0;0;0;0;0;0;0;2;0;3;0;0;3;5;3;7;2;4;2;5;4;5;8;1;4;4;3;8;5;8;7;1;8;6;7;4;6;10;5;3;2;8;5;6;2;9;2;10;4;5;3;3;7;8;7;6;6;7;5;3;4;4;6;3;6;4;2;6;4;4;4;7;4;3;2;5;6;4;6;8;8;5;6;7;16;7;5;5;10;5;3;8;8;11;9;13;5;10;8;8;20;15;11;17;11;17;12;16;11;14;22;31;22;27;23;29;20;20;24;30;16;23;28;22;18;38;33;25;31;32;21;29;41;25;19;1294
PE;Perou;Peru;Amérique latine;-12.00;-77.00;;;;;;;;;;;;;;;;;;;;;;;;;;;;;;;;;;;;;;;;;;;;;;;;;;;;;;;;;;;;;;;;;;;;0;;0;0;0;0;0;0;0;0;0;0;0;2;1;2;0;0;2;1;1;2;5;2;6;6;17;8;6;12;10;9;15;14;17;31;12;12;0;37;24;20;26;48;52;45;39;46;42;62;66;28;54;72;89;108;73;76;86;58;100;89;94;87;100;75;72;96;112;98;126;130;125;141;125;110;124;96;129;83;173;159;195;116;131;141;135;128;0;260;137;131;139;164;106;167;165;206;199;190;190;172;196;201;204;199;201;184;0;359;182;175;178;196;182;187;173;183;185;181;186;177;183;180;181;181;186;182;188;184;175;188;198;184;199;189;197;195;188;3887;189;187;199;18229
PF;Polynésie française;French Polynesia;Pacifique occidental;-17.32;-149.34;;;;;;;;;;;;;;;;;;;;;;;;;;;;;;;;;;;;;;;;;;;;;;;;;;;;;;;;;;;;;;;;;;;;;;;;;;;;;;;;0;0;0;0;0;0;0;0;0;0;0;0;0;0;0;0;0;0;0;0;0;0;0;0;0;0;0;0;0;0;0;0;0;0;0;0;0;0;0;0;0;0;0;0;0;0;0;0;0;0;0;0;0;0;0;0;0;0;0;0;0;0;0;0;0;0;0;0;0;0;0;0;0;0;0;0;0;0;0;0;0;0;0;0;0;0;0;0;0;0;0;0;0;0;0;0;0;0;0;0;0;0;0;0;0;0;0;0;0;0;0;0;0;0;0;0;0;0;0;0;0;0;0;0;0;0;0;0;0;0;0;0
PG;Papouasie-Nouvelle-Guinée;Papua New Guinea;Pacifique occidental;-09.24;147.08;;;;;;;;;;;;;;;;;;;;;;;;;;;;;;;;;;;;;;;;;;;;;;;;;;;;;;;;;;;;;;;;;;;;;;;;;;;;;;;;;;0;0;0;0;0;0;0;0;0;0;0;0;0;0;0;0;0;0;0;0;0;0;0;0;0;0;0;0;0;0;0;0;0;0;0;0;0;0;0;0;0;0;0;0;0;0;0;0;0;0;0;0;0;0;0;0;0;0;0;0;0;0;0;0;0;0;0;0;0;0;0;0;0;0;0;0;0;0;0;0;0;0;0;0;0;0;0;0;0;0;0;0;0;0;0;0;0;0;0;0;0;0;0;0;0;0;0;0;0;0;0;0;0;0;0;0;0;0;0;0;0;0;0;0;0;0;0;0;0;0
PH;Philippines;Philippines;Pacifique occidental;14.40;121.03;0;0;0;0;0;0;0;0;0;0;0;0;0;0;0;0;0;0;0;0;0;0;0;0;0;0;0;0;0;0;0;0;0;1;0;0;0;0;0;0;0;0;0;0;0;0;0;0;0;0;0;0;0;0;0;0;0;0;0;0;0;0;0;;;;;0;0;0;0;0;1;0;4;0;6;0;2;3;1;0;7;0;8;2;3;7;9;14;3;17;0;8;11;29;8;8;11;14;5;21;0;44;50;18;20;14;13;25;10;12;19;9;9;16;15;17;7;10;19;28;10;11;24;4;16;14;21;27;11;8;15;7;25;21;18;16;11;7;7;6;5;4;11;6;5;5;13;18;17;21;8;7;3;6;8;10;3;7;9;8;6;10;9;16;22;14;10;5;5;8;14;20;19;8;9;18;8;12;12;8;11;11;4;4;6;10;0;13;6;5;4;42;12;162;65;4;11;29;17;113;58;4;2;6;28;8;18;35;1932
PK;Pakistan;Pakistan;Méditerranée orientale;33.40;73.10;0;0;0;0;0;0;0;0;0;0;0;0;0;0;0;0;0;0;0;0;0;0;0;0;0;0;0;0;0;0;0;0;0;0;0;0;0;0;0;0;0;0;0;0;0;0;0;0;0;0;0;0;0;0;0;0;0;0;0;0;0;0;0;;0;;;0;;;0;0;0;0;0;0;0;0;0;0;2;1;0;2;1;1;1;1;0;2;2;5;8;5;0;0;4;15;4;4;5;3;5;15;7;3;11;17;11;8;16;17;16;17;0;28;16;16;12;20;26;19;39;32;23;22;24;40;38;30;24;21;28;39;31;33;33;31;39;30;36;46;32;50;34;32;34;30;28;35;57;78;88;60;78;67;82;68;97;67;65;105;83;101;107;88;81;97;110;136;118;136;153;119;89;105;60;148;59;73;83;49;137;91;78;78;68;93;50;77;83;61;75;65;74;69;54;66;40;49;47;46;31;40;38;32;54;24;35;20;5842
PL;Pologne;Poland;Europe;52.13;21.00;;;;;;;;;;;;;;;;;;;;;;;;;;;;;;;;;;;;;;;;;;;;;;;;;;;;;;;;;;;;;;;;;0;;;0;0;0;0;0;0;1;1;1;0;1;1;0;0;0;0;2;1;2;4;2;0;2;4;9;2;10;14;14;8;15;13;22;30;15;7;27;24;13;18;23;28;18;15;13;20;21;25;28;40;30;11;27;34;28;20;7;13;14;20;18;17;22;21;9;15;11;28;22;22;24;8;10;11;12;14;10;10;11;3;11;17;4;10;13;10;3;10;18;0;25;20;16;4;9;17;23;9;7;15;10;9;16;14;30;18;12;10;3;16;21;16;17;6;3;6;19;14;15;15;5;5;4;7;14;9;11;6;3;5;12;6;11;7;6;6;3;9;6;9;4;9;7;1671
PR;Porto Rico;Puerto Rico;Amérique latine;18.29;-66.08;;;;;;;;;;;;;;;;;;;;;;;;;;;;;;;;;;;;;;;;;;;;;;;;;;;;;;;;;;;;;;;;;;;;;;;;;;;;;;;;;;;;;;;;;2;1;2;1;2;3;1;3;3;2;1;2;1;9;6;3;2;1;0;6;5;2;2;2;1;0;1;5;8;6;1;0;2;0;6;2;1;2;0;2;0;3;5;1;3;2;1;1;2;5;0;1;1;0;1;1;0;1;0;2;0;0;2;1;1;3;0;2;2;0;1;1;0;0;0;1;1;2;0;1;0;0;0;0;0;0;2;0;0;0;2;0;1;1;0;0;0;0;1;1;0;0;2;2;0;0;8;0;0;2;2;1;5;1;0;2;0;5;3;3;10;0;201
PS;Palestine;Palestine;Méditerranée orientale;31.25;34.20;;;;;;;;;;;;;;;;;;;;;;;;;;;;;;;;;;;;;;;;;;;;;;;;;;;;;;;;;;;;;;;;;;;0;0;0;;0;0;0;;0;0;0;0;0;0;0;0;0;0;0;0;0;1;0;0;0;0;0;0;0;0;;0;0;0;0;0;1;0;0;0;0;0;0;0;0;0;0;0;0;0;0;0;0;0;0;0;2;0;0;0;0;0;0;0;0;0;0;0;0;0;0;0;0;0;0;0;0;0;0;1;0;0;0;0;0;0;0;0;0;0;0;0;0;0;0;0;0;0;0;0;0;0;0;0;0;0;0;0;0;0;0;0;0;0;1;1;1;1;2;0;4;1;4;1;1;3;2;3;2;5;4;6;0;2;6;3;4;4;1;0;3;1;3;4;78
PT;Portugal;Portugal;Europe;38.42;-09.10;;;;;;;;;;;;;;;;;;;;;;;;;;;;;;;;;;;;;;;;;;;;;;;;;;;;;;;;;;;;;;;;0;0;0;0;0;0;0;0;0;0;0;0;0;0;0;1;1;1;3;6;2;9;10;10;17;16;24;19;21;20;27;22;37;20;29;16;34;35;29;26;35;34;31;32;32;30;28;30;27;21;27;23;35;60;23;25;20;25;16;18;0;16;40;0;11;15;16;9;12;9;9;19;12;9;6;13;15;13;16;16;14;12;13;14;14;12;14;13;14;13;14;14;12;11;8;10;9;5;6;7;3;9;1;7;5;3;2;1;1;3;1;2;4;6;3;6;6;6;3;4;8;3;8;11;7;9;6;9;2;13;2;8;6;2;6;8;3;3;2;5;2;6;5;3;7;4;1;1717
PY;Paraguay;Paraguay;Amérique latine;-25.10;-57.30;;;;;;;;;;;;;;;;;;;;;;;;;;;;;;;;;;;;;;;;;;;;;;;;;;;;;;;;;;;;;;;;;;;;;0;;;0;;0;0;;0;0;0;0;0;1;0;0;0;2;0;0;0;0;0;0;0;0;0;0;0;2;0;0;0;1;0;0;0;1;1;0;0;0;0;0;0;1;0;0;0;0;0;0;0;0;1;0;0;0;0;0;0;0;0;0;0;0;0;1;0;0;0;0;0;0;0;0;0;0;0;0;0;0;0;0;0;0;0;0;0;0;0;0;0;0;0;0;0;0;0;0;1;1;0;0;0;0;0;0;0;0;0;0;2;0;1;1;2;0;0;1;0;0;0;0;0;0;1;1;3;0;0;2;1;1;2;2;2;1;0;2;2;1;41
QA;Qatar;Qatar;Méditerranée orientale;25.15;51.35;0;0;0;0;0;0;0;0;0;0;0;0;0;0;0;0;0;0;0;0;0;0;0;0;0;0;0;0;0;0;0;0;0;0;0;0;0;0;0;0;0;0;0;0;0;0;0;0;0;0;0;0;0;0;0;0;0;0;0;0;0;0;0;;0;;;0;0;0;0;0;0;;0;0;0;0;0;0;0;0;0;0;0;0;0;0;0;1;0;0;1;0;1;0;0;1;0;2;0;0;0;0;1;0;0;0;0;0;1;0;1;0;1;0;0;0;0;0;0;0;0;2;0;0;0;0;0;0;0;1;1;0;0;0;0;0;1;0;0;0;1;1;2;2;2;3;2;2;3;3;0;2;2;3;2;0;4;2;3;3;5;4;3;1;0;3;3;4;2;4;7;1;4;1;0;5;2;3;1;0;3;0;2;3;3;2;5;5;1;4;4;4;0;1;2;1;1;1;1;1;3;2;1;3;1;0;0;1;165
RO;Roumanie;Romania;Europe;44.27;26.10;0;0;0;0;0;0;0;0;0;0;0;0;0;0;0;0;0;0;0;0;0;0;0;0;0;0;0;0;0;0;0;0;0;0;0;0;0;0;0;0;0;0;0;0;0;0;0;0;0;0;0;0;0;0;0;0;0;0;0;0;0;0;0;;0;;0;0;0;0;0;0;0;0;0;0;0;0;0;0;0;0;0;2;5;4;2;4;7;5;11;4;25;16;9;39;8;7;9;25;27;20;28;25;24;12;26;28;15;13;17;17;17;32;25;19;25;23;33;23;19;25;42;27;27;9;23;24;31;18;22;28;26;20;30;14;30;10;25;16;10;19;15;10;8;11;9;18;13;9;10;11;13;9;17;0;9;11;9;10;8;8;11;15;9;11;11;19;17;10;14;22;11;16;12;11;16;16;10;14;10;23;22;17;16;20;21;23;19;18;31;18;17;13;24;13;17;30;21;19;17;21;17;12;36;27;25;24;15;22;2187
RS;Serbie;Serbia;Europe;44.48;20.23;;;;;;;;;;;;;;;;;;;;;;;;;;;;;;;;;;;;;;;;;;;;;;;;;;;;;;;;;;;;;;;;;;;;0;;;;0;0;0;0;0;0;0;0;0;0;1;0;0;0;0;1;1;3;4;3;0;10;0;8;8;5;7;7;3;4;1;5;3;6;5;9;5;4;7;7;5;3;0;9;5;5;7;5;6;6;5;6;6;4;4;4;3;3;3;3;4;2;3;2;2;2;1;3;2;1;3;1;2;0;1;0;1;0;1;1;1;0;1;1;1;0;1;1;1;1;1;0;1;1;0;1;1;1;1;1;1;1;1;1;1;1;0;1;1;2;3;4;3;4;6;11;8;5;6;13;11;11;18;12;11;12;13;11;13;10;9;11;10;9;8;9;10;0;16;534
RU;Russie;Russia;Europe;55.45;37.35;0;0;0;0;0;0;0;0;0;0;0;0;0;0;0;0;0;0;0;0;0;0;0;0;0;0;0;0;0;0;0;0;0;0;0;0;0;0;0;0;0;0;0;0;0;0;0;0;0;0;0;0;0;0;0;0;0;0;0;0;0;0;0;0;0;;;0;;;;0;0;0;0;0;0;0;0;0;0;0;0;0;0;0;0;2;2;1;3;2;7;7;6;4;9;2;2;11;5;13;18;12;24;18;22;28;34;41;40;48;44;51;57;42;60;66;66;48;72;105;101;96;53;58;76;95;86;88;98;104;88;94;107;96;93;113;119;94;91;115;135;127;150;139;153;92;174;161;174;232;181;138;162;182;178;169;144;197;134;112;170;217;174;183;114;119;143;193;194;312;182;30;109;95;153;154;92;176;188;104;93;154;216;147;176;168;134;135;198;173;176;174;188;130;104;175;156;167;310;95;0;85;153;165;147;154;146;77;13269
RW;Rwanda;Rwanda;Afrique;-01.59;30.04;;;;;;;;;;;;;;;;;;;;;;;;;;;;;;;;;;;;;;;;;;;;;;;;;;;;;;;;;;;;;;;;;;;;;;;;;;;;0;0;0;0;0;0;0;0;0;0;0;0;0;0;0;0;0;0;0;0;0;0;0;0;0;0;0;0;0;0;0;0;0;0;0;0;0;0;0;0;0;0;0;0;0;0;0;0;0;0;0;0;0;0;0;0;0;0;0;0;0;0;0;0;0;0;0;0;0;0;0;0;0;0;0;0;0;1;0;0;1;0;0;0;0;0;0;0;0;0;0;0;0;0;0;0;0;0;0;0;0;0;0;0;0;0;0;0;0;1;0;0;0;0;0;0;0;0;0;1;0;0;0;0;0;0;1;0;0;0;0;0;0;0;0;5
SA;Arabie saoudite;Saudi Arabia;Méditerranée orientale;24.41;46.42;;;;;;;;;;;;;;;;;;;;;;;;;;;;;;;;;;;;;;;;;;;;;;;;;;;;;;;;;;;;;;;;0;;;0;;0;0;0;0;0;0;0;0;0;0;0;0;0;0;0;0;0;1;1;1;0;1;4;0;2;6;5;0;8;5;4;3;0;3;3;5;7;6;8;6;4;4;5;5;6;6;5;7;6;9;3;5;8;5;5;7;7;8;7;9;9;10;10;10;7;9;9;9;10;9;10;10;8;9;10;12;13;15;11;9;12;14;16;17;22;23;22;24;30;32;31;34;36;34;37;36;38;36;39;40;39;41;39;48;45;46;37;40;39;41;41;46;37;40;48;50;49;54;50;56;58;52;49;42;41;51;30;42;20;40;42;45;37;40;39;37;34;44;34;37;31;30;2733
SC;Seychelles;Seychelles;Afrique;-4.37;55.27;;;;;;;;;;;;;;;;;;;;;;;;;;;;;;;;;;;;;;;;;;;;;;;;;;;;;;;;;;;;;;;;;;;;;;;;;;;;0;0;0;0;0;0;0;0;0;0;0;0;0;0;0;0;0;0;0;0;0;0;0;0;0;0;0;0;0;0;0;0;0;0;0;0;0;0;0;0;0;0;0;0;0;0;0;0;0;0;0;0;0;0;0;0;0;0;0;0;0;0;0;0;0;0;0;0;0;0;0;0;0;0;0;0;0;0;0;0;0;0;0;0;0;0;0;0;0;0;0;0;0;0;0;0;0;0;0;0;0;0;0;0;0;0;0;0;0;0;0;0;0;0;0;0;0;0;0;0;0;0;0;0;0;0;0;0;0;0;0;0;0;0;0;0
SD;Soudan;Sudan;Méditerranée orientale;15.31;32.35;;;;;;;;;;;;;;;;;;;;;;;;;;;;;;;;;;;;;;;;;;;;;;;;;;;;;;;;;;;;;;;;;;;;;;;;;;;0;1;0;0;0;0;0;0;0;0;0;0;0;0;0;0;0;1;0;0;0;0;0;0;0;0;0;0;0;0;0;2;1;0;0;0;5;0;2;0;1;0;3;1;4;1;3;3;3;0;10;0;0;4;4;3;7;5;6;4;6;10;1;0;0;6;8;0;6;10;16;9;0;19;5;14;11;38;29;24;12;9;0;7;19;14;12;13;0;17;24;20;0;26;0;18;10;0;19;15;0;12;15;0;8;16;0;0;0;0;30;0;2;0;4;0;14;14;5;8;1;0;7;0;11;0;0;5;7;13;13;0;2;0;7;2;717
SE;Suède;Sweden;Europe;59.20;18.03;0;0;0;0;0;0;0;0;0;0;0;0;0;0;0;0;0;0;0;0;0;0;0;0;0;0;0;0;0;0;0;0;0;0;0;0;0;0;0;0;0;0;0;0;0;0;0;0;0;0;0;0;0;0;0;0;0;0;0;0;0;0;0;0;0;0;0;0;0;0;0;0;1;0;0;0;2;4;1;2;0;6;4;1;4;11;6;24;26;10;8;36;34;59;43;51;40;28;76;114;96;106;77;17;12;20;114;170;130;67;111;29;40;185;172;84;131;40;2;80;81;107;124;67;16;10;90;85;87;99;135;45;5;31;57;147;69;117;28;5;19;45;88;40;54;67;6;31;96;95;46;84;45;0;8;65;74;20;77;17;3;35;23;78;19;40;20;0;17;48;102;12;0;0;0;69;39;48;21;50;0;0;30;23;37;41;9;0;0;13;14;35;18;26;0;0;10;9;27;21;26;0;0;20;7;21;9;21;0;0;5697
SG;Singapour;Singapore;Pacifique occidental;1.17;103.51;0;0;0;0;0;0;0;0;0;0;0;0;0;0;0;0;0;0;0;0;0;0;0;0;0;0;0;0;0;0;0;0;0;0;0;0;0;0;0;0;0;0;0;0;0;0;0;0;0;0;0;0;0;0;0;0;0;0;0;0;0;0;0;0;0;0;0;0;0;0;0;0;0;0;0;0;0;0;0;0;0;0;2;0;0;0;0;0;0;1;0;0;0;1;1;0;1;0;0;0;0;0;0;2;0;1;1;0;0;1;0;0;0;0;1;0;0;0;0;2;0;0;1;1;1;1;0;0;2;0;0;0;0;1;0;0;0;0;1;0;0;0;0;1;0;0;0;0;0;0;0;0;0;0;1;0;0;0;0;1;0;0;0;0;0;0;1;0;0;0;0;0;0;0;0;0;0;0;0;0;0;0;0;0;0;0;0;0;0;0;0;0;0;0;0;0;0;1;0;0;0;0;0;0;0;0;0;0;0;0;27
SI;Slovénie;Slovenia;Europe;46.04;14.33;;;;;;;;;;;;;;;;;;;;;;;;;;;;;;;;;;;;;;;;;;;;;;;;;;;;;;;;;;;;;;;;;;0;0;0;0;0;;0;0;0;0;0;0;0;1;0;0;0;0;0;0;2;1;1;4;0;2;0;2;2;1;4;2;6;2;6;4;3;2;5;3;2;1;5;0;5;4;4;0;3;2;0;1;1;1;1;3;3;2;2;1;2;1;1;1;0;1;1;1;0;0;1;0;0;0;1;0;0;2;0;0;0;0;0;0;1;1;0;0;0;0;0;0;0;0;0;0;0;0;1;0;0;0;0;0;0;0;0;0;0;0;0;2;0;0;0;0;0;0;0;0;0;0;0;0;0;0;0;0;0;0;0;0;0;0;0;0;0;0;0;0;4;0;0;0;0;115
SK;Slovaquie;Slovakia;Europe;48.10;17.07;;;;;;;;;;;;;;;;;;;;;;;;;;;;;;;;;;;;;;;;;;;;;;;;;;;;;;;;;;;;;;;;;;;;0;0;0;;0;0;0;0;0;0;0;0;0;0;0;0;0;0;0;0;0;0;0;0;0;0;0;0;0;0;0;2;0;0;0;0;0;0;0;0;4;2;1;2;1;1;1;0;1;2;0;1;0;2;2;1;0;1;0;1;0;0;1;0;0;0;0;1;0;0;0;1;0;0;0;0;0;0;0;0;0;0;0;0;0;0;0;0;0;0;0;0;0;0;0;0;0;0;0;0;0;0;0;0;0;0;0;0;0;0;0;0;0;0;0;0;0;0;0;0;0;0;0;0;0;0;0;0;0;0;0;0;0;0;0;0;0;0;0;0;0;0;0;28
SL;Sierra Leone;Sierra Leone;Afrique;8.31;-13.15;;;;;;;;;;;;;;;;;;;;;;;;;;;;;;;;;;;;;;;;;;;;;;;;;;;;;;;;;;;;;;;;;;;;;;;;;;;;;;;;;;;;;;;;;;;;;0;0;0;0;0;0;0;0;0;0;0;0;0;0;0;0;0;0;0;0;0;0;0;1;2;0;1;0;0;0;3;0;1;0;1;2;3;2;1;1;0;1;1;1;5;1;2;3;1;0;1;1;3;1;1;2;2;1;0;0;1;0;0;0;1;0;0;1;0;1;1;0;0;1;0;0;0;0;0;0;2;0;2;0;0;1;0;3;0;1;0;0;0;0;2;0;0;0;1;0;0;0;0;0;0;1;0;0;1;0;0;1;0;0;0;0;0;0;66
SM;Saint-Marin;San Marino;Europe;43.55;12.30;0;0;0;0;0;0;0;0;0;0;0;0;0;0;0;0;0;0;0;0;0;0;0;0;0;0;0;0;0;0;0;0;0;0;0;0;0;0;0;0;0;0;0;0;0;0;0;0;0;0;0;0;0;0;0;0;0;0;0;0;0;0;1;;0;0;0;0;0;0;1;0;1;2;0;0;2;2;2;3;0;0;6;0;0;1;0;0;0;1;2;1;1;0;4;2;0;0;0;2;0;0;0;1;0;1;0;0;2;1;0;0;0;1;0;0;0;0;1;0;0;0;0;0;0;0;0;0;0;0;0;0;0;0;0;0;0;0;0;0;0;0;0;0;0;1;0;0;0;0;0;0;0;0;0;0;0;0;0;0;0;0;0;0;0;0;0;0;0;0;0;0;0;0;0;0;0;0;0;0;0;0;0;0;0;0;0;0;0;0;0;0;0;0;0;0;0;0;0;0;0;0;0;0;0;0;0;0;0;0;42
SN;Sénégal;Senegal;Afrique;14.34;-17.29;;;;;;;;;;;;;;;;;;;;;;;;;;;;;;;;;;;;;;;;;;;;;;;;;;;;;;;;;;;;;;;;0;;0;0;;;;;;;;0;0;0;0;0;0;0;0;0;0;0;0;0;0;0;0;0;0;0;1;0;0;1;0;0;0;0;0;0;0;0;0;0;0;0;1;0;1;1;0;1;0;1;0;2;0;0;0;0;0;0;0;1;1;1;1;1;3;2;0;0;3;1;2;0;1;0;4;0;3;0;2;0;1;1;2;2;0;1;0;0;1;2;0;0;2;2;3;0;2;2;0;4;0;4;6;3;3;3;3;2;2;3;4;1;4;4;3;3;4;4;5;4;4;4;3;1;4;2;2;0;3;2;0;3;3;4;3;4;3;4;3;1;4;5;4;191
SO;Somalie;Somalia;Méditerranée orientale;02.02;45.25;;;;;;;;;;;;;;;;;;;;;;;;;;;;;;;;;;;;;;;;;;;;;;;;;;;;;;;;;;;;;;;;;;;;;;;;;;;;;;0;0;0;0;0;0;0;0;0;0;0;0;0;0;0;0;0;0;0;0;0;0;0;0;1;0;0;1;0;0;3;0;0;2;0;1;0;6;0;2;2;5;3;2;0;0;0;3;1;3;3;1;5;0;4;3;1;0;0;1;0;2;1;1;2;2;0;0;0;0;5;1;0;5;0;1;5;1;0;0;0;0;3;1;1;1;0;0;0;2;1;0;0;0;0;0;0;2;0;0;0;0;0;0;0;0;0;0;0;0;2;0;0;0;0;0;0;0;1;0;0;0;0;0;0;0;0;0;0;0;0;0;0;93
SR;Suriname;Suriname;Amérique latine;05.50;-55.10;;;;;;;;;;;;;;;;;;;;;;;;;;;;;;;;;;;;;;;;;;;;;;;;;;;;;;;;;;;;;;;;;;;;;;;;;;;;0;;;;;;0;0;0;0;0;0;0;0;0;0;0;0;0;0;1;0;0;0;0;0;0;0;0;0;0;0;0;0;0;0;0;0;0;0;0;0;0;0;0;0;0;0;0;0;0;0;0;0;0;0;0;0;0;0;0;0;0;0;0;0;0;0;0;0;0;0;0;0;0;0;0;0;0;0;0;0;0;0;0;0;1;0;0;0;1;0;0;2;1;0;1;1;0;0;0;1;1;0;0;0;1;2;0;0;0;0;1;0;0;0;3;0;1;0;0;0;0;0;0;1;1;1;0;0;0;2;0;0;0;23
SS;Soudan-du-Sud;South Sudan;Afrique;4.51;31.36;;;;;;;;;;;;;;;;;;;;;;;;;;;;;;;;;;;;;;;;;;;;;;;;;;;;;;;;;;;;;;;;;;;;;;;;;;;;;;;;;;;;;;;;;;;;0;;0;;;;0;0;0;0;0;0;0;0;0;0;0;0;0;0;0;0;0;0;0;0;0;0;0;0;0;0;0;0;0;0;0;0;0;0;0;0;0;0;0;1;3;0;0;0;2;0;0;0;0;0;2;0;0;0;2;0;0;0;0;0;4;0;0;0;5;0;0;0;3;5;0;3;0;1;0;0;3;0;0;1;1;0;0;0;0;1;0;0;1;0;0;0;2;0;0;0;1;0;0;0;0;0;0;2;0;0;2;0;0;0;0;0;0;45
ST;Sao-Tomé-et-Principe;Sao Tome and Principe;Afrique;0.20;6.43;;;;;;;;;;;;;;;;;;;;;;;;;;;;;;;;;;;;;;;;;;;;;;;;;;;;;;;;;;;;;;;;;;;;;;;;;;;;;;;;;;;;;;;;;;;;;;;;;;;;;0;0;0;0;0;0;0;0;0;0;0;0;0;0;0;0;0;0;0;0;0;0;1;0;0;0;2;0;0;1;1;0;0;0;1;1;0;0;0;0;0;1;0;0;0;0;1;2;1;0;0;0;0;0;0;0;0;0;0;0;0;0;0;0;0;0;0;0;0;0;0;0;0;0;0;0;0;1;0;0;0;0;0;0;0;0;0;0;0;0;0;0;1;0;0;0;0;0;0;0;0;0;0;0;0;0;0;0;0;0;14
SV;Salvador;El Salvador;Amérique latine;13.40;-89.10;;;;;;;;;;;;;;;;;;;;;;;;;;;;;;;;;;;;;;;;;;;;;;;;;;;;;;;;;;;;;;;;;;;;;;;;;;;;;;;;0;0;0;0;0;0;0;0;0;0;0;0;0;1;1;0;1;0;0;1;0;1;1;0;0;0;0;0;0;0;1;0;0;0;0;1;0;0;0;0;0;1;0;1;0;1;1;1;1;1;0;1;1;0;1;2;0;3;2;1;4;0;1;1;1;0;2;0;1;0;3;0;4;3;0;0;3;2;1;1;0;2;3;2;4;4;4;0;2;2;2;4;4;7;5;9;0;6;13;7;10;9;12;0;10;8;9;19;0;7;6;6;6;8;6;5;13;11;0;20;11;15;0;20;8;11;0;9;18;0;18;408
SX;Saint-Martin;Sint Maarten;Amérique latine;18.1;-63.04;;;;;;;;;;;;;;;;;;;;;;;;;;;;;;;;;;;;;;;;;;;;;;;;;;;;;;;;;;;;;;;;;;;;;;;;;;;;;;;;;;;;;;;0;0;0;0;0;;0;1;1;0;0;2;0;4;0;0;1;0;0;0;0;0;0;0;0;1;0;0;2;0;0;0;1;0;0;0;0;0;0;0;0;1;0;0;1;0;0;0;0;0;0;0;0;0;0;0;0;0;0;0;0;0;0;0;0;0;0;0;0;0;0;0;0;0;0;0;0;0;0;0;0;0;0;0;0;0;0;0;0;0;0;0;0;0;0;0;0;0;0;0;0;0;0;0;0;0;0;0;0;0;0;0;0;0;0;0;0;0;0;0;0;0;0;0;15
SY;Syrie;Syria;Méditerranée orientale;33.30;36.18;;;;;;;;;;;;;;;;;;;;;;;;;;;;;;;;;;;;;;;;;;;;;;;;;;;;;;;;;;;;;;;;;;;;;;;;;;;;;;;;;;;;0;0;0;0;0;0;0;1;1;0;0;0;0;0;0;0;0;0;0;0;0;0;0;0;0;0;0;0;1;0;0;0;0;0;0;0;0;0;0;0;0;0;0;0;0;0;0;0;0;0;0;0;0;0;0;0;0;0;0;0;0;1;0;0;0;0;0;0;0;0;0;1;1;0;0;0;0;0;0;0;0;0;0;0;0;0;0;1;0;0;0;0;0;0;0;0;1;1;0;0;0;0;0;1;0;3;1;0;0;0;2;0;0;3;2;1;0;3;0;0;4;2;1;3;0;1;2;38
SZ;Eswatini;Eswatini;Afrique;-26.28;31.12;;;;;;;;;;;;;;;;;;;;;;;;;;;;;;;;;;;;;;;;;;;;;;;;;;;;;;;;;;;;;;;;;;;;;;;;;;;;0;0;0;0;0;0;0;0;0;0;0;0;0;0;0;0;0;0;0;0;0;0;0;0;0;0;0;0;0;0;0;0;0;0;1;0;0;0;0;0;0;0;0;0;0;0;0;0;0;0;0;0;0;1;0;0;0;0;0;0;0;0;0;0;0;0;0;0;0;0;0;0;0;0;0;0;0;0;0;1;0;0;0;0;0;0;0;0;0;0;0;0;1;0;0;0;0;0;1;0;1;1;0;1;0;0;3;0;0;0;0;2;0;0;0;1;0;3;1;0;2;0;0;0;1;0;0;0;2;1;1;3;0;0;4;32
TC;Îles Turques-et-Caïques;Turks and Caicos Islands;Amérique latine;21.45;-71.35;;;;;;;;;;;;;;;;;;;;;;;;;;;;;;;;;;;;;;;;;;;;;;;;;;;;;;;;;;;;;;;;;;;;;;;;;;;;;;;;;;;;;;0;0;0;0;0;0;0;0;0;0;0;0;1;0;0;0;0;0;0;0;0;0;0;0;0;0;0;0;0;0;0;0;0;0;0;0;0;0;0;0;0;0;0;0;0;0;0;0;0;0;0;0;0;0;0;0;0;0;0;0;0;0;0;0;0;0;0;0;0;0;0;0;0;0;0;0;0;0;0;0;0;0;0;0;0;0;0;0;0;0;0;0;0;0;0;0;0;0;1;0;0;0;0;0;0;0;0;0;0;0;0;0;0;0;0;0;0;0;0;0;0;0;0;0;0;2
TD;Tchad;Chad;Afrique;14.10;18.59;;;;;;;;;;;;;;;;;;;;;;;;;;;;;;;;;;;;;;;;;;;;;;;;;;;;;;;;;;;;;;;;;;;;;;;;;;;;;;;;;0;0;0;0;0;0;0;0;0;0;0;0;0;0;0;0;0;0;0;0;0;0;0;0;0;0;0;0;0;0;0;0;0;0;0;0;0;0;0;0;2;0;3;0;5;0;0;7;0;10;1;3;0;0;9;2;4;2;2;3;0;3;1;1;1;1;0;1;1;2;1;0;0;0;1;0;0;0;2;1;0;1;1;1;0;0;0;1;0;1;0;0;0;0;0;0;0;0;0;0;0;0;0;0;0;0;0;0;0;0;0;0;0;0;0;1;0;0;0;0;0;0;0;0;0;0;0;0;0;0;75
TG;Togo;Togo;Afrique;06.09;01.20;;;;;;;;;;;;;;;;;;;;;;;;;;;;;;;;;;;;;;;;;;;;;;;;;;;;;;;;;;;;;;;;;;;;0;;;;;;;;0;0;0;0;0;0;0;0;0;0;0;0;0;1;0;0;0;0;1;0;1;0;0;0;0;0;0;0;0;0;0;0;0;2;0;0;0;1;0;0;0;0;0;0;0;0;1;2;0;0;0;0;0;0;0;1;0;1;0;0;0;0;0;0;0;1;0;0;0;0;0;0;1;0;0;0;0;0;0;0;0;0;0;0;0;0;0;0;0;0;0;0;0;0;0;0;0;0;0;0;0;0;1;0;0;0;0;0;0;0;0;0;1;0;0;0;0;0;0;0;0;0;0;0;0;0;0;0;0;0;1;0;1;0;1;18
TH;Thaïlande;Thailand;Asie du Sud-Est;13.45;100.31;;0;0;0;0;0;0;0;0;0;0;0;0;0;0;0;0;0;0;0;0;0;0;0;0;0;0;0;0;0;0;0;0;0;0;0;0;0;0;0;0;0;0;0;0;0;0;0;0;0;0;0;0;0;0;0;0;0;0;0;0;1;0;;;0;;0;;;;0;0;;0;0;0;0;0;0;0;0;0;0;3;0;0;1;0;1;1;3;0;2;3;4;4;3;0;4;2;1;2;3;2;1;2;3;1;0;0;0;0;1;2;0;0;1;0;3;0;0;0;0;0;0;0;0;1;0;0;1;0;0;0;0;0;0;0;0;0;0;0;0;0;0;1;0;0;0;0;0;0;0;0;1;0;0;0;0;0;0;0;0;0;0;0;0;0;0;0;0;0;0;0;0;0;0;0;0;0;0;0;0;0;0;0;0;0;0;0;0;0;0;0;0;0;0;0;0;0;0;0;0;0;0;0;0;0;0;58
TJ;Tadjikistan;Tajikistan;Europe;38.33;68.48;;;;;;;;;;;;;;;;;;;;;;;;;;;;;;;;;;;;;;;;;;;;;;;;;;;;;;;;;;;;;;;;;;;;;;;;;;;;;;;;;;;;;;;;;;;;;;;;;;;;;;;;;;;;;;;;;;;;;;;;;;;0;0;0;2;1;2;3;4;0;8;0;1;2;0;6;4;3;3;2;0;3;0;0;0;0;2;0;0;1;0;0;0;0;0;0;1;0;0;0;0;0;0;1;0;1;0;0;0;1;0;0;1;0;0;0;0;0;0;0;0;0;0;0;0;0;0;1;0;0;1;0;1;0;0;0;1;0;0;0;1;0;0;0;1;0;0;1;0;59
TL;Timor oriental;Timor Leste;Asie du Sud-Est;-08.29;125.34;;;;;;;;;;;;;;;;;;;;;;;;;;;;;;;;;;;;;;;;;;;;;;;;;;;;;;;;;;;;;;;;;;;;;;;;;;;;;;;;;;;0;0;0;0;0;0;0;0;0;0;0;0;0;0;0;0;0;0;0;0;0;0;0;0;0;0;0;0;0;0;0;0;0;0;0;0;0;0;0;0;0;0;0;0;0;0;0;0;0;0;0;0;0;0;0;0;0;0;0;0;0;0;0;0;0;0;0;0;0;0;0;0;0;0;0;0;0;0;0;0;0;0;0;0;0;0;0;0;0;0;0;0;0;0;0;0;0;0;0;0;0;0;0;0;0;0;0;0;0;0;0;0;0;0;0;0;0;0;0;0;0;0;0;0;0;0;0;0;0
TN;Tunisie;Tunisia;Méditerranée orientale;36.50;10.11;;;;;;;;;;;;;;;;;;;;;;;;;;;;;;;;;;;;;;;;;;;;;;;;;;;;;;;;;;;;;;;;0;;;;;;;0;0;0;0;0;0;0;0;0;0;0;1;0;2;0;0;2;0;1;0;2;0;1;1;3;0;5;1;3;0;1;2;0;3;3;3;0;1;2;0;0;1;0;0;0;0;0;0;0;1;1;0;0;1;1;0;1;0;0;1;1;0;0;0;0;0;0;0;0;0;1;1;0;0;0;1;0;0;0;0;0;0;0;0;0;0;1;0;0;0;0;0;0;0;0;0;0;0;0;0;1;0;0;0;0;0;0;0;0;0;0;0;0;0;0;0;0;0;0;0;0;0;0;0;0;0;0;0;0;0;0;0;0;0;0;0;0;0;0;0;50
TR;Turquie;Turkey;Europe;39.57;32.54;;;;;;;;;;;;;;;;;;;;;;;;;;;;;;;;;;;;;;;;;;;;;;;;;;;;;;;;;;;;;;;;;;;;;;;;;0;0;;;0;0;0;1;3;5;12;9;7;7;15;16;17;16;23;37;46;63;79;69;76;73;75;76;87;96;98;95;97;98;107;115;125;126;121;127;123;119;117;115;109;106;99;95;92;89;93;84;78;61;64;59;64;57;48;50;47;55;53;58;55;48;41;44;31;28;23;27;27;32;32;29;28;34;30;28;26;25;23;22;24;21;18;21;23;19;18;17;17;15;14;15;18;17;19;21;23;22;23;24;27;24;21;19;17;15;18;16;19;17;19;20;19;16;19;22;18;23;21;19;19;20;17;21;18;17;16;17;18;19;18;17;16;17;5613
TT;Trinidad et Tobago;Trinidad and Tobago;Amérique latine;10.39;-61.30;;;;;;;;;;;;;;;;;;;;;;;;;;;;;;;;;;;;;;;;;;;;;;;;;;;;;;;;;;;;;;;;;;;;;;;;;;0;0;0;0;0;0;0;0;0;0;0;0;0;1;0;1;0;1;0;0;2;1;0;0;1;1;0;0;0;0;0;0;0;0;0;0;0;0;0;0;0;0;0;0;0;0;0;0;0;0;0;0;0;0;0;0;0;0;0;0;0;0;0;0;0;0;0;0;0;0;0;0;0;0;0;0;0;0;0;0;0;0;0;0;0;0;0;0;0;0;0;0;0;0;0;0;0;0;0;0;0;0;0;0;0;0;0;0;0;0;0;0;0;0;0;0;0;0;0;0;0;0;0;0;0;0;0;0;0;0;0;0;0;0;0;0;0;8
TW;Taïwan;Taiwan;Pacifique occidental;25.04;121.31;0;0;0;0;0;0;0;0;0;0;0;0;0;0;0;0;0;0;0;0;0;0;0;0;0;0;0;0;0;0;0;0;0;0;0;0;0;0;0;0;0;0;0;0;0;0;0;0;1;0;0;0;0;0;0;0;0;0;0;0;0;0;0;0;0;;0;0;0;0;;0;0;0;0;0;0;0;0;0;0;1;0;0;0;0;0;0;0;0;3;0;0;0;0;0;0;0;0;0;0;0;0;1;0;0;0;0;0;0;0;0;0;0;0;0;0;0;0;0;0;0;0;0;0;0;0;0;0;0;0;0;0;1;0;0;0;0;0;0;0;0;0;0;0;0;0;0;0;0;0;0;0;0;0;0;0;0;0;0;0;0;0;0;0;0;0;0;0;0;0;0;0;0;0;0;0;0;0;0;0;0;0;0;0;0;0;0;0;0;0;0;0;0;0;0;0;0;0;0;0;0;0;0;0;0;0;0;0;0;7
TZ;Tanzanie;Tanzania;Afrique;-06.08;35.45;;;;;;;;;;;;;;;;;;;;;;;;;;;;;;;;;;;;;;;;;;;;;;;;;;;;;;;;;;;;;;;;;;;;;;;;;;;;;;0;0;0;0;0;0;0;0;0;0;0;0;1;0;0;0;0;0;0;0;0;0;0;0;0;2;0;0;0;0;1;0;1;0;0;0;3;2;0;0;0;0;0;0;6;0;0;0;0;2;0;0;3;0;0;0;0;0;0;0;0;0;0;0;0;0;0;0;0;0;0;0;0;0;0;0;0;0;0;0;0;0;0;0;0;0;0;0;0;0;0;0;0;0;0;0;0;0;0;0;0;0;0;0;0;0;0;0;0;0;0;0;0;0;0;0;0;0;0;0;0;0;0;0;0;0;0;0;0;0;0;0;0;21
UA;Ukraine;Ukraine;Europe;50.30;30.28;;;;;;;;;;;;;;;;;;;;;;;;;;;;;;;;;;;;;;;;;;;;;;;;;;;;;;;;;;;;;;;;;0;;;;;;;;;0;;;0;0;0;2;0;1;0;0;0;0;1;1;0;3;1;2;2;7;0;3;5;4;6;7;7;5;12;4;10;10;5;18;9;8;8;10;10;13;13;6;8;8;11;0;19;11;0;29;0;9;15;13;11;13;21;15;15;17;17;14;17;27;14;17;21;13;16;15;9;17;12;6;21;0;25;27;0;12;19;8;12;15;15;0;11;9;13;23;21;16;10;9;12;11;31;23;19;9;8;10;39;0;16;19;24;19;18;26;0;12;42;0;35;21;23;21;18;0;27;26;14;0;15;18;11;21;8;13;20;33;20;19;0;15;1605
UG;Ouganda;Uganda;Afrique;00.20;32.30;;;;;;;;;;;;;;;;;;;;;;;;;;;;;;;;;;;;;;;;;;;;;;;;;;;;;;;;;;;;;;;;;;;;;;;;;;;;;;;;;;;0;0;0;0;0;0;0;0;0;0;0;0;0;0;0;0;0;0;0;0;0;0;0;0;0;0;0;0;0;0;0;0;0;0;0;0;0;0;0;0;0;0;0;0;0;0;0;0;0;0;0;0;0;0;0;0;0;0;0;0;0;0;0;0;0;0;0;0;0;0;0;0;0;0;0;0;0;0;0;0;0;0;0;0;0;0;0;0;0;0;0;0;0;0;0;0;0;0;0;0;0;0;0;0;0;0;0;0;0;0;0;0;0;0;0;0;0;0;0;0;0;0;0;0;0;1;0;1;2
UK;Royaume-Uni;United Kingdom;Europe;54;-01.05;0;0;0;0;0;0;0;0;0;0;0;0;0;0;0;0;0;0;0;0;0;0;0;0;0;0;0;0;0;0;0;0;0;0;0;0;0;0;0;0;0;0;0;0;0;0;0;0;0;0;0;0;0;0;0;0;0;0;0;0;0;0;0;0;0;0;0;1;1;0;1;4;0;2;1;18;15;22;16;34;43;36;56;35;74;149;186;183;284;294;214;374;382;670;652;714;760;644;568;1038;1034;1103;1152;839;686;744;1044;842;1029;935;1115;498;559;1172;837;727;1005;843;420;338;909;795;674;739;621;315;288;693;649;539;626;346;268;210;627;494;428;384;468;170;160;545;363;338;351;282;118;121;134;412;377;324;215;113;556;324;359;176;357;204;77;55;286;245;151;202;181;36;38;233;184;135;173;128;43;15;280;154;149;184;100;36;25;155;176;89;136;67;22;16;155;126;85;48;148;21;11;138;85;66;114;40;27;12;110;79;53;123;61;14;45752
US;États-Unis;United States;Amérique du Nord;39.91;-100;0;0;0;0;0;0;0;0;0;0;0;0;0;0;0;0;0;0;0;0;0;0;0;0;0;0;0;0;0;0;0;0;0;0;0;0;0;0;0;0;0;0;0;0;0;0;0;0;0;0;0;0;0;0;0;0;0;0;0;0;0;1;1;4;3;2;1;2;3;4;5;2;2;10;7;10;12;16;23;42;0;110;80;131;119;211;249;246;411;484;318;661;909;1059;915;1104;1344;1146;1342;1906;1922;1873;2087;1831;1500;1541;2408;4928;2299;3770;1856;1772;1857;2524;1721;3179;1054;2172;1687;1369;2110;2611;2040;2062;1317;1297;1252;2144;2353;2239;1510;1614;734;1156;1703;1746;1773;1662;1186;808;791;1568;1518;1263;1305;1080;633;500;696;1526;1175;1219;945;602;764;1034;994;1036;932;659;712;493;999;918;896;849;767;296;395;836;754;717;678;607;256;427;826;751;2437;623;500;265;336;1270;652;678;694;242;271;359;1174;829;982;806;717;391;400;861;953;939;908;853;415;372;1160;1124;1052;1304;914;475;146935
UY;Uruguay;Uruguay;Amérique latine;-34.50;-56.11;;;;;;;;;;;;;;;;;;;;;;;;;;;;;;;;;;;;;;;;;;;;;;;;;;;;;;;;;;;;;;;;;;;;;;;;;;;;0;0;0;0;0;0;0;0;0;0;0;0;0;0;0;1;0;0;1;2;0;1;1;0;1;0;0;0;0;1;0;0;1;0;0;0;1;0;2;0;0;0;2;1;0;0;0;2;0;0;0;0;0;0;0;1;0;1;0;0;0;0;0;0;1;0;0;0;0;0;2;0;0;0;0;0;0;0;0;1;0;0;0;0;0;0;0;0;0;0;0;0;0;0;1;0;0;0;1;0;0;0;1;0;0;0;1;0;0;1;0;0;0;0;1;0;0;0;0;1;1;0;0;0;0;1;1;0;0;0;1;0;0;0;0;34
UZ;Ouzbékistan;Uzbekistan;Europe;41.16;69.13;;;;;;;;;;;;;;;;;;;;;;;;;;;;;;;;;;;;;;;;;;;;;;;;;;;;;;;;;;;;;;;;;;;;;;;;;;;;;0;0;0;0;0;0;0;0;0;0;0;0;0;1;0;1;0;0;0;0;0;0;0;0;1;0;0;1;0;0;0;0;0;0;1;0;0;1;1;0;1;0;0;0;0;1;0;0;0;1;0;0;0;0;0;0;0;0;0;1;0;0;0;1;1;0;0;0;0;;0;0;1;0;0;0;0;1;0;0;1;0;0;1;0;1;0;1;0;0;0;0;0;0;0;0;0;0;0;0;0;0;1;0;0;2;2;2;0;1;2;2;4;3;3;6;5;3;2;4;3;4;4;4;4;4;4;4;4;3;4;4;5;5;117
VA;Vatican;Vatican;Europe;41.54;12.27;;;;;;;;;;;;;;;;;;;;;;;;;;;;;;;;;;;;;;;;;;;;;;;;;;;;;;;;;;;;;;;;;;;;0;;;;;;;;;0;0;0;0;0;0;0;0;0;0;0;0;0;0;0;0;0;0;0;0;0;0;0;0;0;0;0;0;0;0;0;0;0;0;0;0;0;0;0;0;0;0;0;0;0;0;0;0;0;0;0;0;0;0;0;0;0;0;0;0;0;0;0;0;0;0;0;0;0;0;0;0;0;0;0;0;0;0;0;0;0;0;0;0;0;0;0;0;0;0;0;0;0;0;0;0;0;0;0;0;0;0;0;0;0;0;0;0;0;0;0;0;0;0;0;0;0;0;0;0;0;0;0;0;0;0;0;0;0;0;0;0;0;0;0
VC;Saint-Vincent-et-les-Grenadines;Saint Vincent and the Grenadines;Amérique latine;13.10;-61.10;;;;;;;;;;;;;;;;;;;;;;;;;;;;;;;;;;;;;;;;;;;;;;;;;;;;;;;;;;;;;;;;;;;;;;;;;;0;;;;;;;;;;;;0;0;0;0;0;0;0;0;0;0;0;0;0;0;0;0;0;0;0;0;0;0;0;0;0;0;0;0;0;0;0;0;0;0;0;0;0;0;0;0;0;0;0;0;0;0;0;0;0;0;0;0;0;0;0;0;0;0;0;0;0;0;0;0;0;0;0;0;0;0;0;0;0;0;0;0;0;0;0;0;0;0;0;0;0;0;0;0;0;0;0;0;0;0;0;0;0;0;0;0;0;0;0;0;0;0;0;0;0;0;0;0;0;0;0;0;0;0;0;0;0;0;0;0;0;0
VE;Venezuela;Venezuela;Amérique latine;10.30;-66.55;;;;;;;;;;;;;;;;;;;;;;;;;;;;;;;;;;;;;;;;;;;;;;;;;;;;;;;;;;;;;;;;;;;;;;;;;;;;0;0;0;0;0;0;0;0;0;0;0;0;1;0;0;0;2;0;0;0;0;2;0;0;2;1;1;0;0;0;0;0;0;0;0;0;0;0;1;0;0;0;0;0;0;0;0;0;0;0;0;0;0;0;0;0;0;0;0;0;0;0;0;0;0;0;0;0;0;0;0;0;0;1;0;0;3;0;0;3;1;2;0;0;2;0;0;1;0;0;0;1;1;1;1;;1;2;3;0;2;0;3;1;2;1;2;4;3;3;3;2;3;2;4;3;4;5;3;2;4;4;3;4;4;3;3;2;4;4;0;9;5;0;8;142
VG;Îles Vierges britanniques;British Virgin Islands;Amérique latine;18.30;-64.30;;;;;;;;;;;;;;;;;;;;;;;;;;;;;;;;;;;;;;;;;;;;;;;;;;;;;;;;;;;;;;;;;;;;;;;;;;;;;;;;;;;;;;;;0;0;0;0;0;0;0;0;0;0;0;0;0;0;0;0;0;0;0;0;0;0;0;0;1;0;0;0;0;0;0;0;0;0;0;0;0;0;0;0;0;0;0;0;0;0;0;0;0;0;0;0;0;0;0;0;0;0;0;0;0;0;0;0;0;0;0;0;0;0;0;0;0;0;0;0;0;0;0;0;0;0;0;0;0;0;0;0;0;0;0;0;0;0;0;0;0;0;0;0;0;0;0;0;0;0;0;0;0;0;0;0;0;0;0;0;0;0;0;0;0;0;0;1
VI;Îles Vierges américaines;United States Virgin Islands;Amérique latine;18.20;-65.55;;;;;;;;;;;;;;;;;;;;;;;;;;;;;;;;;;;;;;;;;;;;;;;;;;;;;;;;;;;;;;;;;;;;;;;;;;;;;;;;;;;;;0;0;0;0;0;0;0;;0;0;0;0;0;1;0;0;0;0;0;0;0;0;0;0;0;1;1;0;0;0;0;0;0;0;0;1;0;0;0;0;0;0;0;0;0;0;0;0;0;1;0;1;0;0;0;0;0;0;0;0;0;0;0;0;0;0;0;0;0;0;0;0;0;0;0;0;0;0;0;0;0;0;0;0;0;0;0;0;0;0;0;0;0;0;0;0;0;0;0;0;0;0;0;0;0;0;0;0;0;0;0;0;0;0;0;0;0;0;0;0;1;0;0;0;0;0;7
VN;Vietnam;Vietnam;Pacifique occidental;21.05;105.55;0;0;0;0;0;0;0;0;0;0;0;0;0;0;0;0;0;0;0;0;0;0;0;0;0;0;0;0;0;0;0;0;0;0;0;0;0;0;0;0;0;0;0;0;0;0;0;0;0;0;0;0;0;0;0;0;0;0;0;0;0;0;0;;;;;0;0;0;0;0;0;0;0;0;0;0;0;0;0;0;0;0;0;0;0;0;0;0;0;0;0;0;0;0;0;0;0;0;0;0;0;0;0;0;0;0;0;0;0;0;0;0;0;0;0;0;0;0;0;0;0;0;0;0;0;0;0;0;0;0;0;0;0;0;0;0;0;0;0;0;0;0;0;0;0;0;0;0;0;0;0;0;0;0;0;0;0;0;0;0;0;0;0;0;0;0;0;0;0;0;0;0;0;0;0;0;0;0;0;0;0;0;0;0;0;0;0;0;0;0;0;0;0;0;0;0;0;0;0;0;0;0;0;0;0;0;0;0;0
XK;Kosovo;Kosovo;Europe;42.40;21.10;;;;;;;;;;;;;;;;;;;;;;;;;;;;;;;;;;;;;;;;;;;;;;;;;;;;;;;;;;;;;;;;;;;;;;;;;;;;;0;0;0;0;0;0;0;1;0;0;0;0;0;0;0;0;0;0;0;0;0;0;2;2;1;1;0;0;0;1;0;1;2;1;0;2;0;3;0;1;0;0;2;1;0;0;3;0;1;0;1;0;0;1;1;0;0;0;1;0;0;0;0;0;0;0;0;0;0;0;0;1;0;0;0;0;0;0;0;0;0;0;0;0;1;0;0;0;0;0;1;1;0;1;0;0;0;1;1;1;1;2;2;2;4;1;0;2;3;1;0;0;11;9;4;3;4;8;7;1;6;0;4;0;12;6;5;4;0;11;8;6;5;0;169
YE;Yémen;Yemen;Méditerranée orientale;15.21;44.12;;;;;;;;;;;;;;;;;;;;;;;;;;;;;;;;;;;;;;;;;;;;;;;;;;;;;;;;;;;;;;;;;;;;;;;;;;;;;;;;;;;;;;;;;;;;;;;;;;;;;;0;0;0;0;0;0;0;0;0;0;0;0;0;0;0;0;0;0;0;0;0;2;0;0;0;0;1;2;1;1;0;1;1;2;1;1;2;4;1;0;8;1;4;0;6;3;3;4;4;4;9;11;3;4;3;1;15;8;1;0;0;15;2;7;3;21;4;44;7;29;4;3;3;2;1;4;13;14;5;3;6;2;8;6;7;10;2;1;7;3;3;10;3;1;52;7;6;3;5;2;3;2;2;9;2;3;0;13;5;479
ZA;Afrique du Sud;South Africa;Afrique;-29.44;24.12;;;;;;;;;;;;;;;;;;;;;;;;;;;;;;;;;;;;;;;;;;;;;;;;;;;;;;;;;;;;;;;;;;;;0;0;0;0;;0;0;0;0;0;0;0;0;0;0;0;0;0;0;0;2;0;0;0;1;2;0;0;2;2;2;1;1;5;0;6;1;0;2;0;7;14;2;2;2;4;0;7;10;4;7;1;3;3;10;0;13;7;8;7;10;5;8;17;8;8;12;0;13;19;9;14;3;22;26;27;30;28;10;22;52;43;28;25;34;32;40;22;50;37;56;60;44;46;82;82;48;79;65;69;57;88;57;49;63;94;46;53;61;111;103;87;48;73;43;73;128;92;95;108;74;173;111;192;100;118;140;111;108;93;174;107;216;135;144;85;140;195;572;153;250;312;114;6769
ZM;Zambie;Zambia;Afrique;-15.28;25.16;;;;;;;;;;;;;;;;;;;;;;;;;;;;;;;;;;;;;;;;;;;;;;;;;;;;;;;;;;;;;;;;;;;;;;;;;;;;;;;;0;0;0;0;0;0;0;0;0;0;0;0;0;0;0;1;0;0;0;0;0;0;0;1;0;0;0;0;0;0;0;0;1;0;0;0;0;0;0;0;0;0;0;0;0;0;0;0;1;0;0;0;3;0;0;0;0;0;0;0;0;0;0;0;0;0;0;0;0;0;0;0;0;0;0;0;0;0;0;0;0;0;3;0;0;0;0;0;1;0;0;0;0;0;0;0;0;7;0;0;3;0;1;0;2;6;0;0;0;0;0;12;0;0;0;0;0;0;40;0;0;27;0;0;11;0;8;0;2;0;9;139
ZW;Zimbabwe;Zimbabwe;Afrique;-19.43;30.02;;;;;;;;;;;;;;;;;;;;;;;;;;;;;;;;;;;;;;;;;;;;;;;;;;;;;;;;;;;;;;;;;;;;;;;;;;;;;;;;;;0;0;0;1;0;0;0;0;0;0;0;0;0;0;0;0;0;0;0;1;1;0;0;0;0;0;0;0;0;0;0;0;0;0;0;1;0;0;0;0;0;0;0;0;0;0;0;0;0;0;0;0;0;0;0;0;0;0;0;0;0;0;0;0;0;0;0;0;0;0;0;0;0;0;0;0;0;0;0;0;0;0;0;0;0;0;0;0;0;0;0;0;2;0;0;0;0;0;0;0;0;1;0;0;0;0;1;0;1;0;0;3;1;5;0;1;0;1;3;1;1;0;1;0;0;2;4;2;0;34