Dates;Andorre;Émirats arabes Unis;Afghanistan;Antigua-et-Barbuda;Anguilla;Albanie;Arménie;Angola;Argentine;Autriche;Australie;Aruba;Azerbaïdjan;Bosnie-Herzégovine;Barbade;Bangladesh;Belgique;Burkina Faso;Bulgarie;Bahreïn;Burundi;Bénin;Bermudes;Brunei;Bolivie;Bonaire;Brésil;Bahamas;Bhoutan;Botswana;Biélorussie;Belize;Canada;République démocratique du Congo;République centrafricaine;Congo;Suisse;Côte d’Ivoire;Chili;Cameroun;Chine;Colombie;Costa Rica;Cuba;Cap Vert;Curaçao;Chypre;République tchèque;Allemagne;Djibouti;Danemark;Dominique;République dominicaine;Algérie;Équateur;Estonie;Égypte;Sahara occidental;Grèce;Erythrée;Espagne;Éthiopie;Finlande;Fidji;Îles Malouines;Îles Féroé;France;Gabon;Grenade;Géorgie;Guernesey;Ghana;Gibraltar;Groeland;Gambie;Guinée;Guinée équatoriale;Guatemala;Guam;Guinée Bissau;Guyana;Honduras;Croatie;Haïti;Hongrie;Indonésie;Irlande;Israël;Île de Man;Inde;Irak;Iran;Islande;Italie;Jersey;Jamaïque;Jordanie;Japon;Kenya;Kirghizistan;Cambodge;Comores;Saint-Kitts-et-Nevis;Corée du Sud;Koweït;Îles Caïmans;Kazakhstan;Laos;Liban;Sainte Lucie;Liechtenstein;Sri Lanka;Liberia;Lesotho;Lituanie;Luxembourg;Lettonie;Libye;Maroc;Monaco;Moldavie;Monténégro;Madagascar;Macédoine du Nord;Mali;Birmanie;Mongolie;Îles Mariannes du Nord;Mauritanie;Montserrat;Malte;Maurice;Maldives;Malawi;Mexique;Malaisie;Mozambique;Namibie;Nouvelle Calédonie;Niger;Nigeria;Nicaragua;Pays-Bas;Norvège;Népal;Nouvelle-Zélande;Oman;Panama;Perou;Polynésie française;Papouasie-Nouvelle-Guinée;Philippines;Pakistan;Pologne;Porto Rico;Palestine;Portugal;Paraguay;Qatar;Roumanie;Serbie;Russie;Rwanda;Arabie saoudite;Seychelles;Soudan;Suède;Singapour;Slovénie;Slovaquie;Sierra Leone;Saint-Marin;Sénégal;Somalie;Suriname;Soudan-du-Sud;Sao-Tomé-et-Principe;Salvador;Saint-Martin;Syrie;Eswatini;Îles Turques-et-Caïques;Tchad;Togo;Thaïlande;Tadjikistan;Timor oriental;Tunisie;Turquie;Trinidad et Tobago;Taïwan;Tanzanie;Ukraine;Ouganda;Royaume-Uni;États-Unis;Uruguay;Ouzbékistan;Vatican;Saint-Vincent-et-les-Grenadines;Venezuela;Îles Vierges britanniques;Îles Vierges américaines;Vietnam;Kosovo;Yémen;Afrique du Sud;Zambie;Zimbabwe
12/31/19;;0;0;;;;0;;;0;0;;0;;;;0;;;;;;;;;;0;;;;0;;0;;;;0;;;;0;;;;;;;0;0;;0;;0;0;0;0;0;;0;;0;;0;;;;0;;;0;;;;;;;;;;;;;0;;;0;0;0;;0;0;0;0;0;;;;0;;;0;;;0;0;;;;0;;;0;;;0;0;;;;0;;;;0;;;;;;;;;;;0;0;;;;;0;;0;0;0;0;0;;;;;0;0;;;;;;0;0;;0;;;;;0;0;;;;0;;;;;;;;;;;;;;;;;;;0;;;;0;0;;;;;;;;0;;;;;
1/1/20;;0;0;;;;0;;;0;0;;0;;;;0;;;;;;;;;;0;;;;0;;0;;;;0;;;;0;;;;;;;0;0;;0;;0;0;0;0;0;;0;;0;;0;;;;0;;;0;;;;;;;;;;;;;0;;;0;0;0;;0;0;0;0;0;;;;0;;;0;;;0;0;;;;0;;;0;;;0;0;;;;0;;;;0;;;;;;;;;;;0;0;;;;;0;;0;0;0;0;0;;;;;0;0;;;;;;0;0;;0;;;;;0;0;;;;0;;;;;;;;;;;;;0;;;;;;0;;;;0;0;;;;;;;;0;;;;;
1/2/20;;0;0;;;;0;;;0;0;;0;;;;0;;;;;;;;;;0;;;;0;;0;;;;0;;;;0;;;;;;;0;0;;0;;0;0;0;0;0;;0;;0;;0;;;;0;;;0;;;;;;;;;;;;;0;;;0;0;0;;0;0;0;0;0;;;;0;;;0;;;0;0;;;;0;;;0;;;0;0;;;;0;;;;0;;;;;;;;;;;0;0;;;;;0;;0;0;0;0;0;;;;;0;0;;;;;;0;0;;0;;;;;0;0;;;;0;;;;;;;;;;;;;0;;;;;;0;;;;0;0;;;;;;;;0;;;;;
1/3/20;;0;0;;;;0;;;0;0;;0;;;;0;;;;;;;;;;0;;;;0;;0;;;;0;;;;0;;;;;;;0;0;;0;;0;0;0;0;0;;0;;0;;0;;;;0;;;0;;;;;;;;;;;;;0;;;0;0;0;;0;0;0;0;0;;;;0;;;0;;;0;0;;;;0;;;0;;;0;0;;;;0;;;;0;;;;;;;;;;;0;0;;;;;0;;0;0;0;0;0;;;;;0;0;;;;;;0;0;;0;;;;;0;0;;;;0;;;;;;;;;;;;;0;;;;;;0;;;;0;0;;;;;;;;0;;;;;
1/4/20;;0;0;;;;0;;;0;0;;0;;;;0;;;;;;;;;;0;;;;0;;0;;;;0;;;;0;;;;;;;0;0;;0;;0;0;0;0;0;;0;;0;;0;;;;0;;;0;;;;;;;;;;;;;0;;;0;0;0;;0;0;0;0;0;;;;0;;;0;;;0;0;;;;0;;;0;;;0;0;;;;0;;;;0;;;;;;;;;;;0;0;;;;;0;;0;0;0;0;0;;;;;0;0;;;;;;0;0;;0;;;;;0;0;;;;0;;;;;;;;;;;;;0;;;;;;0;;;;0;0;;;;;;;;0;;;;;
1/5/20;;0;0;;;;0;;;0;0;;0;;;;0;;;;;;;;;;0;;;;0;;0;;;;0;;;;0;;;;;;;0;0;;0;;0;0;0;0;0;;0;;0;;0;;;;0;;;0;;;;;;;;;;;;;0;;;0;0;0;;0;0;0;0;0;;;;0;;;0;;;0;0;;;;0;;;0;;;0;0;;;;0;;;;0;;;;;;;;;;;0;0;;;;;0;;0;0;0;0;0;;;;;0;0;;;;;;0;0;;0;;;;;0;0;;;;0;;;;;;;;;;;;;0;;;;;;0;;;;0;0;;;;;;;;0;;;;;
1/6/20;;0;0;;;;0;;;0;0;;0;;;;0;;;0;;;;;;;0;;;;0;;0;;;;0;;;;0;;;;;;;0;0;;0;;0;0;0;0;0;;0;;0;;0;;;;0;;;0;;;;;;;;;;;;;0;;;0;0;0;;0;0;0;0;0;;;;0;;;0;;;0;0;;;;0;;;0;;;0;0;;;;0;;;;0;;;;;;;;;;;0;0;;;;;0;;0;0;0;0;0;;;;;0;0;;;;;;0;0;;0;;;;;0;0;;;;0;;;;;;;;;;;;;0;;;;;;0;;;;0;0;;;;;;;;0;;;;;
1/7/20;;0;0;;;;0;;;0;0;;0;;;;0;;;0;;;;;;;0;;;;0;;0;;;;0;;;;0;;;;;;;0;0;;0;;0;0;0;0;0;;0;;0;;0;;;;0;;;0;;;;;;;;;;;;;0;;;0;0;0;;0;0;0;0;0;;;;0;;;0;;;0;0;;;;0;;;0;;;0;0;;;;0;;;;0;;;;;;;;;;;0;0;;;;;0;;0;0;0;0;0;;;;;0;0;;;;;;0;0;;0;;;;;0;0;;;;0;;;;;;;;;;;;;0;;;;;;0;;;;0;0;;;;;;;;0;;;;;
1/8/20;;0;0;;;;0;;;0;0;;0;;;;0;;;0;;;;;;;0;;;;0;;0;;;;0;;;;0;;;;;;;0;0;;0;;0;0;0;0;0;;0;;0;;0;;;;0;;;0;;;;;;;;;;;;;0;;;0;0;0;;0;0;0;0;0;;;;0;;;0;;;0;0;;;;0;;;0;;;0;0;;;;0;;;;0;;;;;;;;;;;0;0;;;;;0;;0;0;0;0;0;;;;;0;0;;;;;;0;0;;0;;;;;0;0;;;;0;;;;;;;;;;;;;0;;;;;;0;;;;0;0;;;;;;;;0;;;;;
1/9/20;;0;0;;;;0;;;0;0;;0;;;;0;;;0;;;;;;;0;;;;0;;0;;;;0;;;;0;;;;;;;0;0;;0;;0;0;0;0;0;;0;;0;;0;;;;0;;;0;;;;;;;;;;;;;0;;;0;0;0;;0;0;0;0;0;;;;0;;;0;;;0;0;;;;0;;;0;;;0;0;;;;0;;;;0;;;;;;;;;;;0;0;;;;;0;;0;0;0;0;0;;;;;0;0;;;;;;0;0;;0;;;;;0;0;;;;0;;;;;;;;;;;;;0;;;;;;0;;;;0;0;;;;;;;;0;;;;;
1/10/20;;0;0;;;;0;;;0;0;;0;;;;0;;;0;;;;;;;0;;;;0;;0;;;;0;;;;0;;;;;;;0;0;;0;;0;0;0;0;0;;0;;0;;0;;;;0;;;0;;;;;;;;;;;;;0;;;0;0;0;;0;0;0;0;0;;;;0;;;0;;;0;0;;;;0;;;0;;;0;0;;;;0;;;;0;;;;;;;;;;;0;0;;;;;0;;0;0;0;0;0;;;;;0;0;;;;;;0;0;;0;;;;;0;0;;;;0;;;;;;;;;;;;;0;;;;;;0;;;;0;0;;;;;;;;0;;;;;
1/11/20;;0;0;;;;0;;;0;0;;0;;;;0;;;0;;;;;;;0;;;;0;;0;;;;0;;;;1;;;;;;;0;0;;0;;0;0;0;0;0;;0;;0;;0;;;;0;;;0;;;;;;;;;;;;;0;;;0;0;0;;0;0;0;0;0;;;;0;;;0;;;0;0;;;;0;;;0;;;0;0;;;;0;;;;0;;;;;;;;;;;0;0;;;;;0;;0;0;0;0;0;;;;;0;0;;;;;;0;0;;0;;;;;0;0;;;;0;;;;;;;;;;;;;0;;;;;;0;;;;0;0;;;;;;;;0;;;;;
1/12/20;;0;0;;;;0;;;0;0;;0;;;;0;;;0;;;;;;;0;;;;0;;0;;;;0;;;;0;;;;;;;0;0;;0;;0;0;0;0;0;;0;;0;;0;;;;0;;;0;;;;;;;;;;;;;0;;;0;0;0;;0;0;0;0;0;;;;0;;;0;;;0;0;;;;0;;;0;;;0;0;;;;0;;;;0;;;;;;;;;;;0;0;;;;;0;;0;0;0;0;0;;;;;0;0;;;;;;0;0;;0;;;;;0;0;;;;0;;;;;;;;;;;;;0;;;;;;0;;;;0;0;;;;;;;;0;;;;;
1/13/20;;0;0;;;;0;;;0;0;;0;;;;0;;;0;;;;;;;0;;;;0;;0;;;;0;;;;0;;;;;;;0;0;;0;;0;0;0;0;0;;0;;0;;0;;;;0;;;0;;;;;;;;;;;;;0;;;0;0;0;;0;0;0;0;0;;;;0;;;0;;;0;0;;;;0;;;0;;;0;0;;;;0;;;;0;;;;;;;;;;;0;0;;;;;0;;0;0;0;0;0;;;;;0;0;;;;;;0;0;;0;;;;;0;0;;;;0;;;;;;;;;;;;;0;;;;;;0;;;;0;0;;;;;;;;0;;;;;
1/14/20;;0;0;;;;0;;;0;0;;0;;;;0;;;0;;;;;;;0;;;;0;;0;;;;0;;;;0;;;;;;;0;0;;0;;0;0;0;0;0;;0;;0;;0;;;;0;;;0;;;;;;;;;;;;;0;;;0;0;0;;0;0;0;0;0;;;;0;;;0;;;0;0;;;;0;;;0;;;0;0;;;;0;;;;0;;;;;;;;;;;0;0;;;;;0;;0;0;0;0;0;;;;;0;0;;;;;;0;0;;0;;;;;0;0;;;;0;;;;;;;;;;;;;0;;;;;;0;;;;0;0;;;;;;;;0;;;;;
1/15/20;;0;0;;;;0;;;0;0;;0;;;;0;;;0;;;;;;;0;;;;0;;0;;;;0;;;;1;;;;;;;0;0;;0;;0;0;0;0;0;;0;;0;;0;;;;0;;;0;;;;;;;;;;;;;0;;;0;0;0;;0;0;0;0;0;;;;0;;;0;;;0;0;;;;0;;;0;;;0;0;;;;0;;;;0;;;;;;;;;;;0;0;;;;;0;;0;0;0;0;0;;;;;0;0;;;;;;0;0;;0;;;;;0;0;;;;0;;;;;;;;;;;;;0;;;;;;0;;;;0;0;;;;;;;;0;;;;;
1/16/20;;0;0;;;;0;;;0;0;;0;;;;0;;;0;;;;;;;0;;;;0;;0;;;;0;;;;0;;;;;;;0;0;;0;;0;0;0;0;0;;0;;0;;0;;;;0;;;0;;;;;;;;;;;;;0;;;0;0;0;;0;0;0;0;0;;;;0;;;0;;;0;0;;;;0;;;0;;;0;0;;;;0;;;;0;;;;;;;;;;;0;0;;;;;0;;0;0;0;0;0;;;;;0;0;;;;;;0;0;;0;;;;;0;0;;;;0;;;;;;;;;;;;;0;;;;;;0;;;;0;0;;;;;;;;0;;;;;
1/17/20;;0;0;;;;0;;;0;0;;0;;;;0;;;0;;;;;;;0;;;;0;;0;;;;0;;;;0;;;;;;;0;0;;0;;0;0;0;0;0;;0;;0;;0;;;;0;;;0;;;;;;;;;;;;;0;;;0;0;0;;0;0;0;0;0;;;;0;;;0;;;0;0;;;;0;;;0;;;0;0;;;;0;;;;0;;;;;;;;;;;0;0;;;;;0;;0;0;0;0;0;;;;;0;0;;;;;;0;0;;0;;;;;0;0;;;;0;;;;;;;;;;;;;0;;;;;;0;;;;0;0;;;;;;;;0;;;;;
1/18/20;;0;0;;;;0;;;0;0;;0;;;;0;;;0;;;;;;;0;;;;0;;0;;;;0;;;;0;;;;;;;0;0;;0;;0;0;0;0;0;;0;;0;;0;;;;0;;;0;;;;;;;;;;;;;0;;;0;0;0;;0;0;0;0;0;;;;0;;;0;;;0;0;;;;0;;;0;;;0;0;;;;0;;;;0;;;;;;;;;;;0;0;;;;;0;;0;0;0;0;0;;;;;0;0;;;;;;0;0;;0;;;;;0;0;;;;0;;;;;;;;;;;;;0;;;;;;0;;;;0;0;;;;;;;;0;;;;;
1/19/20;;0;0;;;;0;;;0;0;;0;;;;0;;;0;;;;;;;0;;;;0;;0;;;;0;;;;1;;;;;;;0;0;;0;;0;0;0;0;0;;0;;0;;0;;;;0;;;0;;;;;;;;;;;;;0;;;0;0;0;;0;0;0;0;0;;;;0;;;0;;;0;0;;;;0;;;0;;;0;0;;;;0;;;;0;;;;;;;;;;;0;0;;;;;0;;0;0;0;0;0;;;;;0;0;;;;;;0;0;;0;;;;;0;0;;;;0;;;;;;;;;;;;;0;;;;;;0;;;;0;0;;;;;;;;0;;;;;
1/20/20;;0;0;;;;0;;;0;0;;0;;;;0;;;0;;;;;;;0;;;;0;;0;;;;0;;;;0;;;;;;;0;0;;0;;0;0;0;0;0;;0;;0;;0;;;;0;;;0;;;;;;;;;;;;;0;;;0;0;0;;0;0;0;0;0;;;;0;;;0;;;0;0;;;;0;;;0;;;0;0;;;;0;;;;0;;;;;;;;;;;0;0;;;;;0;;0;0;0;0;0;;;;;0;0;;;;;;0;0;;0;;;;;0;0;;;;0;;;;;;;;;;;;;0;;;;;;0;;;;0;0;;;;;;;;0;;;;;
1/21/20;;0;0;;;;0;;;0;0;;0;;;;0;;;0;;;;;;;0;;;;0;;0;;;;0;;;;3;;;;;;;0;0;;0;;0;0;0;0;0;;0;;0;;0;;;;0;;;0;;;;;;;;;;;;;0;;;0;0;0;;0;0;0;0;0;;;;0;;;0;;;0;0;;;;0;;;0;;;0;0;;;;0;;;;0;;;;;;;;;;;0;0;;;;;0;;0;0;0;0;0;;;;;0;0;;;;;;0;0;;0;;;;;0;0;;;;0;;;;;;;;;;;;;0;;;;;;0;;;;0;0;;;;;;;;0;;;;;
1/22/20;;0;0;;;;0;;;0;0;;0;;;;0;;;0;;;;;;;0;;;;0;;0;;;;0;;;;11;;;;;;;0;0;;0;;0;0;0;0;0;;0;;0;;0;;;;0;;;0;;;;;;;;;;;;;0;;;0;0;0;;0;0;0;0;0;;;;0;;;0;;;0;0;;;;0;;;0;;;0;0;;;;0;;;;0;;;;;;;;;;;0;0;;;;;0;;0;0;0;0;0;;;;;0;0;;;;;;0;0;;0;;;;;0;0;;;;0;;;;;;;;;;;;;0;;;;;;0;;;;0;0;;;;;;;;0;;;;;
1/23/20;;0;0;;;;0;;;0;0;;0;;;;0;;;0;;;;;;;0;;;;0;;0;;;;0;;;;0;;;;;;;0;0;;0;;0;0;0;0;0;;0;;0;;0;;;;0;;;0;;;;;;;;;;;;;0;;;0;0;0;;0;0;0;0;0;;;;0;;;0;;;0;0;;;;0;;;0;;;0;0;;;;0;;;;0;;;;;;;;;;;0;0;;;;;0;;0;0;0;0;0;;;;;0;0;;;;;;0;0;;0;;;;;0;0;;;;0;;;;;;;;;;;;;0;;;;;;0;;;;0;0;;;;;;;;0;;;;;
1/24/20;;0;0;;;;0;;;0;0;;0;;;;0;;;0;;;;;;;0;;;;0;;0;;;;0;;;;9;;;;;;;0;0;;0;;0;0;0;0;0;;0;;0;;0;;;;0;;;0;;;;;;;;;;;;;0;;;0;0;0;;0;0;0;0;0;;;;0;;;0;;;0;0;;;;0;;;0;;;0;0;;;;0;;;;0;;;;;;;;;;;0;0;;;;;0;;0;0;0;0;0;;;;;0;0;;;;;;0;0;;0;;;;;0;0;;;;0;;;;;;;;;;;;;0;;;;;;0;;;;0;0;;;;;;;;0;;;;;
1/25/20;;0;0;;;;0;;;0;0;;0;;;;0;;;0;;;;;;;0;;;;0;;0;;;;0;;;;15;;;;;;;0;0;;0;;0;0;0;0;0;;0;;0;;0;;;;0;;;0;;;;;;;;;;;;;0;;;0;0;0;;0;0;0;0;0;;;;0;;;0;;;0;0;;;;0;;;0;;;0;0;;;;0;;;;0;;;;;;;;;;;0;0;;;;;0;;0;0;0;0;0;;;;;0;0;;;;;;0;0;;0;;;;;0;0;;;;0;;;;;;;;;;;;;0;;;;;;0;;;;0;0;;;;;;;;0;;;;;
1/26/20;;0;0;;;;0;;;0;0;;0;;;;0;;;0;;;;;;;0;;;;0;;0;;;;0;;;;15;;;;;;;0;0;;0;;0;0;0;0;0;;0;;0;;0;;;;0;;;0;;;;;;;;;;;;;0;;;0;0;0;;0;0;0;0;0;;;;0;;;0;;;0;0;;;;0;;;0;;;0;0;;;;0;;;;0;;;;;;;;;;;0;0;;;;;0;;0;0;0;0;0;;;;;0;0;;;;;;0;0;;0;;;;;0;0;;;;0;;;;;;;;;;;;;0;;;;;;0;;;;0;0;;;;;;;;0;;;;;
1/27/20;;0;0;;;;0;;;0;0;;0;;;;0;;;0;;;;;;;0;;;;0;;0;;;;0;;;;25;;;;;;;0;0;;0;;0;0;0;0;0;;0;;0;;0;;;;0;;;0;;;;;;;;;;;;;0;;;0;0;0;;0;0;0;0;0;;;;0;;;0;;;0;0;;;;0;;;0;;;0;0;;;;0;;;;0;;;;;;;;;;;0;0;;;;;0;;0;0;0;0;0;;;;;0;0;;;;;;0;0;;0;;;;;0;0;;;;0;;;;;;;;;;;;;0;;;;;;0;;;;0;0;;;;;;;;0;;;;;
1/28/20;;0;0;;;;0;;;0;0;;0;;;;0;;;0;;;;;;;0;;;;0;;0;;;;0;;;;25;;;;;;;0;0;;0;;0;0;0;0;0;;0;;0;;0;;;;0;;;0;;;;;;;;;;;;;0;;;0;0;0;;0;0;0;0;0;;;;0;;;0;;;0;0;;;;0;;;0;;;0;0;;;;0;;;;0;;;;;;;;;;;0;0;;;;;0;;0;0;0;0;0;;;;;0;0;;;;;;0;0;;0;;;;;0;0;;;;0;;;;;;;;;;;;;0;;;;;;0;;;;0;0;;;;;;;;0;;;;;
1/29/20;;0;0;;;;0;;;0;0;;0;;;;0;;;0;;;;;;;0;;;;0;;0;;;;0;;;;26;;;;;;;0;0;;0;;0;0;0;0;0;;0;;0;;0;;;;0;;;0;;;;;;;;;;;;;0;;;0;0;0;;0;0;0;0;0;;;;0;;;0;;;0;0;;;;0;;;0;;;0;0;;;;0;;;;0;;;;;;;;;;;0;0;;;;;0;;0;0;0;0;0;;;;;0;0;;;;;;0;0;;0;;;;;0;0;;;;0;;;;;;;;;;;;;0;;;;;;0;;;;0;0;;;;;;;;0;;;;;
1/30/20;;0;0;;;;0;;;0;0;;0;;;;0;;;0;;;;;;;0;;;;0;;0;;;;0;;;;38;;;;;;;0;0;;0;;0;0;0;0;0;;0;;0;;0;;;;0;;;0;;;;;;;;;;;;;0;;;0;0;0;;0;0;0;0;0;;;;0;;;0;;;0;0;;;;0;;;0;;;0;0;;;;0;;;;0;;;;;;;;;;;0;0;;;;;0;;0;0;0;0;0;;;;;0;0;;;;;;0;0;;0;;;;;0;0;;;;0;;;;;;;;;;;;;0;;;;;;0;;;;0;0;;;;;;;;0;;;;;
1/31/20;;0;0;;;;0;;;0;0;;0;;;;0;;;0;;;;;;;0;;;;0;;0;;;;0;;;;43;;;;;;;0;0;;0;;0;0;0;0;0;;0;;0;;0;;;;0;;;0;;;;;;;;;;;;;0;;;0;0;0;;0;0;0;0;0;;;;0;;;0;;;0;0;;;;0;;;0;;;0;0;;;;0;;;;0;;;;;;;;;;;0;0;;;;;0;;0;0;0;0;0;;;;;0;0;;;;;;0;0;;0;;;;;0;0;;;;0;;;;;;;;;;;;;0;;;;;;0;;;;0;0;;;;;;;;0;;;;;
2/1/20;;0;0;;;;0;;;0;0;;0;;;;0;;;0;;;;;;;0;;;;0;;0;;;;0;;;;46;;;;;;;0;0;;0;;0;0;0;0;0;;0;;0;;0;;;;0;;;0;;;;;;;;;;;;;0;;;0;0;0;;0;0;0;0;0;;;;0;;;0;;;0;0;;;;0;;;0;;;0;0;;;;0;;;;0;;;;;;;;;;;0;0;;;;;0;;0;0;0;0;0;;;;;0;0;;;;;;0;0;;0;;;;;0;0;;;;0;;;;;;;;;;;;;0;;;;;;0;;;;0;0;;;;;;;;0;;;;;
2/2/20;;0;0;;;;0;;;0;0;;0;;;;0;;;0;;;;;;;0;;;;0;;0;;;;0;;;;45;;;;;;;0;0;;0;;0;0;0;0;0;;0;;0;;0;;;;0;;;0;;;;;;;;;;;;;0;;;0;0;0;;0;0;0;0;0;;;;0;;;0;;;0;0;;;;0;;;0;;;0;0;;;;0;;;;0;;;;;;;;;;;0;0;;;;;0;;0;0;0;0;0;;;;;1;0;;;;;;0;0;;0;;;;;0;0;;;;0;;;;;;;;;;;;;0;;;;;;0;;;;0;0;;;;;;;;0;;;;;
2/3/20;;0;0;;;;0;;;0;0;;0;;;;0;;;0;;;;;;;0;;;;0;;0;;;;0;;;;57;;;;;;;0;0;;0;;0;0;0;0;0;;0;;0;;0;;;;0;;;0;;;;;;;;;;;;;0;;;0;0;0;;0;0;0;0;0;;;;0;;;0;;;0;0;;;;0;;;0;;;0;0;;;;0;;;;0;;;;;;;;;;;0;0;;;;;0;;0;0;0;0;0;;;;;0;0;;;;;;0;0;;0;;;;;0;0;;;;0;;;;;;;;;;;;;0;;;;;;0;;;;0;0;;;;;;;;0;;;;;
2/4/20;;0;0;;;;0;;;0;0;;0;;;;0;;;0;;;;;;;0;;;;0;;0;;;;0;;;;65;;;;;;;0;0;;0;;0;0;0;0;0;;0;;0;;0;;;;0;;;0;;;;;;;;;;;;;0;;;0;0;0;;0;0;0;0;0;;;;0;;;0;;;0;0;;;;0;;;0;;;0;0;;;;0;;;;0;;;;;;;;;;;0;0;;;;;0;;0;0;0;0;0;;;;;0;0;;;;;;0;0;;0;;;;;0;0;;;;0;;;;;;;;;;;;;0;;;;;;0;;;;0;0;;;;;;;;0;;;;;
2/5/20;;0;0;;;;0;;;0;0;;0;;;;0;;;0;;;;;;;0;;;;0;;0;;;;0;;;;66;;;;;;;0;0;;0;;0;0;0;0;0;;0;;0;;0;;;;0;;;0;;;;;;;;;;;;;0;;;0;0;0;;0;0;0;0;0;;;;0;;;0;;;0;0;;;;0;;;0;;;0;0;;;;0;;;;0;;;;;;;;;;;0;0;;;;;0;;0;0;0;0;0;;;;;0;0;;;;;;0;0;;0;;;;;0;0;;;;0;;;;;;;;;;;;;0;;;;;;0;;;;0;0;;;;;;;;0;;;;;
2/6/20;;0;0;;;;0;;;0;0;;0;;;;0;;;0;;;;;;;0;;;;0;;0;;;;0;;;;72;;;;;;;0;0;;0;;0;0;0;0;0;;0;;0;;0;;;;0;;;0;;;;;;;;;;;;;0;;;0;0;0;;0;0;0;0;0;;;;0;;;0;;;0;0;;;;0;;;0;;;0;0;;;;0;;;;0;;;;;;;;;;;0;0;;;;;0;;0;0;0;0;0;;;;;0;0;;;;;;0;0;;0;;;;;0;0;;;;0;;;;;;;;;;;;;0;;;;;;0;;;;0;0;;;;;;;;0;;;;;
2/7/20;;0;0;;;;0;;;0;0;;0;;;;0;;;0;;;;;;;0;;;;0;;0;;;;0;;;;73;;;;;;;0;0;;0;;0;0;0;0;0;;0;;0;;0;;;;0;;;0;;;;;;;;;;;;;0;;;0;0;0;;0;0;0;0;0;;;;0;;;0;;;0;0;;;;0;;;0;;;0;0;;;;0;;;;0;;;;;;;;;;;0;0;;;;;0;;0;0;0;0;0;;;;;0;0;;;;;;0;0;;0;;;;;0;0;;;;0;;;;;;;;;;;;;0;;;;;;0;;;;0;0;;;;;;;;0;;;;;
2/8/20;;0;0;;;;0;;;0;0;;0;;;;0;;;0;;;;;;;0;;;;0;;0;;;;0;;;;86;;;;;;;0;0;;0;;0;0;0;0;0;;0;;0;;0;;;;0;;;0;;;;;;;;;;;;;0;;;0;0;0;;0;0;0;0;0;;;;0;;;0;;;0;0;;;;0;;;0;;;0;0;;;;0;;;;0;;;;;;;;;;;0;0;;;;;0;;0;0;0;0;0;;;;;0;0;;;;;;0;0;;0;;;;;0;0;;;;0;;;;;;;;;;;;;0;;;;;;0;;;;0;0;;;;;;;;0;;;;;
2/9/20;;0;0;;;;0;;;0;0;;0;;;;0;;;0;;;;;;;0;;;;0;;0;;;;0;;;;89;;;;;;;0;0;;0;;0;0;0;0;0;;0;;0;;0;;;;0;;;0;;;;;;;;;;;;;0;;;0;0;0;;0;0;0;0;0;;;;0;;;0;;;0;0;;;;0;;;0;;;0;0;;;;0;;;;0;;;;;;;;;;;0;0;;;;;0;;0;0;0;0;0;;;;;0;0;;;;;;0;0;;0;;;;;0;0;;;;0;;;;;;;;;;;;;0;;;;;;0;;;;0;0;;;;;;;;0;;;;;
2/10/20;;0;0;;;;0;;;0;0;;0;;;;0;;;0;;;;;;;0;;;;0;;0;;;;0;;;;97;;;;;;;0;0;;0;;0;0;0;0;0;;0;;0;;0;;;;0;;;0;;;;;;;;;;;;;0;;;0;0;0;;0;0;0;0;0;;;;0;;;0;;;0;0;;;;0;;;0;;;0;0;;;;0;;;;0;;;;;;;;;;;0;0;;;;;0;;0;0;0;0;0;;;;;0;0;;;;;;0;0;;0;;;;;0;0;;;;0;;;;;;;;;;;;;0;;;;;;0;;;;0;0;;;;;;;;0;;;;;
2/11/20;;0;0;;;;0;;;0;0;;0;;;;0;;;0;;;;;;;0;;;;0;;0;;;;0;;;;108;;;;;;;0;0;;0;;0;0;0;0;0;;0;;0;;0;;;;0;;;0;;;;;;;;;;;;;0;;;0;0;0;;0;0;0;0;0;;;;0;;;0;;;0;0;;;;0;;;0;;;0;0;;;;0;;;;0;;;;;;;;;;;0;0;;;;;0;;0;0;0;0;0;;;;;0;0;;;;;;0;0;;0;;;;;0;0;;;;0;;;;;;;;;;;;;0;;;;;;0;;;;0;0;;;;;;;;0;;;;;
2/12/20;;0;0;;;;0;;;0;0;;0;;;;0;;;0;;;;;;;0;;;;0;;0;;;;0;;;;97;;;;;;;0;0;;0;;0;0;0;0;0;;0;;0;;0;;;;0;;;0;;;;;;;;;;;;;0;;;0;0;0;;0;0;0;0;0;;;;0;;;0;;;0;0;;;;0;;;0;;;0;0;;;;0;;;;0;;;;;;;;;;;0;0;;;;;0;;0;0;0;0;0;;;;;0;0;;;;;;0;0;;0;;;;;0;0;;;;0;;;;;;;;;;;;;0;;;;;;0;;;;0;0;;;;;;;;0;;;;;
2/13/20;;0;0;;;;0;;;0;0;;0;;;;0;;;0;;;;;;;0;;;;0;;0;;;;0;;;;254;;;;;;;0;0;;0;;0;0;0;0;0;;0;;0;;0;;;;0;;;0;;;;;;;;;;;;;0;;;0;0;0;;0;0;0;0;0;;;;1;;;0;;;0;0;;;;0;;;0;;;0;0;;;;0;;;;0;;;;;;;;;;;0;0;;;;;0;;0;0;0;0;0;;;;;0;0;;;;;;0;0;;0;;;;;0;0;;;;0;;;;;;;;;;;;;0;;;;;;0;;;;0;0;;;;;;;;0;;;;;
2/14/20;;0;0;;;;0;;;0;0;;0;;;;0;;;0;;;;;;;0;;;;0;;0;;;;0;;;;13;;;;;;;0;0;;0;;0;0;0;0;0;;0;;0;;0;;;;0;;;0;;;;;;;;;;;;;0;;;0;0;0;;0;0;0;0;0;;;;0;;;0;;;0;0;;;;0;;;0;;;0;0;;;;0;;;;0;;;;;;;;;;;0;0;;;;;0;;0;0;0;0;0;;;;;0;0;;;;;;0;0;;0;;;;;0;0;;;;0;;;;;;;;;;;;;0;;;;;;0;;;;0;0;;;;;;;;0;;;;;
2/15/20;;0;0;;;;0;;;0;0;;0;;;;0;;;0;;;;;;;0;;;;0;;0;;;;0;;;;143;;;;;;;0;0;;0;;0;0;0;0;0;;0;;0;;0;;;;1;;;0;;;;;;;;;;;;;0;;;0;0;0;;0;0;0;0;0;;;;0;;;0;;;0;0;;;;0;;;0;;;0;0;;;;0;;;;0;;;;;;;;;;;0;0;;;;;0;;0;0;0;0;0;;;;;0;0;;;;;;0;0;;0;;;;;0;0;;;;0;;;;;;;;;;;;;0;;;;;;0;;;;0;0;;;;;;;;0;;;;;
2/16/20;;0;0;;;;0;;;0;0;;0;;;;0;;;0;;;;;;;0;;;;0;;0;;;;0;;;;142;;;;;;;0;0;;0;;0;0;0;0;0;;0;;0;;0;;;;0;;;0;;;;;;;;;;;;;0;;;0;0;0;;0;0;0;0;0;;;;0;;;0;;;0;0;;;;0;;;0;;;0;0;;;;0;;;;0;;;;;;;;;;;0;0;;;;;0;;0;0;0;0;0;;;;;0;0;;;;;;0;0;;0;;;;;0;0;;;;0;;;;;;;;;;;;;0;;;;;;0;;;;0;0;;;;;;;;0;;;;;
2/17/20;;0;0;;;;0;;;0;0;;0;;;;0;;;0;;;;;;;0;;;;0;;0;;;;0;;;;105;;;;;;;0;0;;0;;0;0;0;0;0;;0;;0;;0;;;;0;;;0;;;;;;;;;;;;;0;;;0;0;0;;0;0;0;0;0;;;;0;;;0;;;0;0;;;;0;;;0;;;0;0;;;;0;;;;0;;;;;;;;;;;0;0;;;;;0;;0;0;0;0;0;;;;;0;0;;;;;;0;0;;0;;;;;0;0;;;;0;;;;;;;;;;;;;0;;;;;;1;;;;0;0;;;;;;;;0;;;;;
2/18/20;;0;0;;;;0;;;0;0;;0;;;;0;;;0;;;;;;;0;;;;0;;0;;;;0;;;;98;;;;;;;0;0;;0;;0;0;0;0;0;;0;;0;;0;;;;0;;;0;;;;;;;;;;;;;0;;;0;0;0;;0;0;0;0;0;;;;0;;;0;;;0;0;;;;0;;;0;;;0;0;;;;0;;;;0;;;;;;;;;;;0;0;;;;;0;;0;0;0;0;0;;;;;0;0;;;;;;0;0;;0;;;;;0;0;;;;0;;;;;;;;;;;;;0;;;;;;0;;;;0;0;;;;;;;;0;;;;;
2/19/20;;0;0;;;;0;;;0;0;;0;;;;0;;;0;;;;;;;0;;;;0;;0;;;;0;;;;139;;;;;;;0;0;;0;;0;0;0;0;0;;0;;0;;0;;;;0;;;0;;;;;;;;;;;;;0;;;0;0;0;;0;0;0;0;0;;;;0;;;0;;;0;0;;;;0;;;0;;;0;0;;;;0;;;;0;;;;;;;;;;;0;0;;;;;0;;0;0;0;0;0;;;;;0;0;;;;;;0;0;;0;;;;;0;0;;;;0;;;;;;;;;;;;;0;;;;;;0;;;;0;0;;;;;;;;0;;;;;
2/20/20;;0;0;;;;0;;;0;0;;0;;;;0;;;0;;;;;;;0;;;;0;;0;;;;0;;;;112;;;;;;;0;0;;0;;0;0;0;0;0;;0;;0;;0;;;;0;;;0;;;;;;;;;;;;;0;;;0;0;0;;0;0;2;0;0;;;;0;;;0;;;0;0;;;;0;;;0;;;0;0;;;;0;;;;0;;;;;;;;;;;0;0;;;;;0;;0;0;0;0;0;;;;;0;0;;;;;;0;0;;0;;;;;0;0;;;;0;;;;;;;;;;;;;0;;;;;;0;;;;0;0;;;;;;;;0;;;;;
2/21/20;;0;0;;;;0;;;0;0;;0;;;;0;;;0;;;;;;;0;;;;0;;0;;;;0;;;;118;;;;;;;0;0;;0;;0;0;0;0;0;;0;;0;;0;;;;0;;;0;;;;;;;;;;;;;0;;;0;0;0;;0;0;0;0;0;;;;0;;;0;;;1;0;;;;0;;;0;;;0;0;;;;0;;;;0;;;;;;;;;;;0;0;;;;;0;;0;0;0;0;0;;;;;0;0;;;;;;0;0;;0;;;;;0;0;;;;0;;;;;;;;;;;;;0;;;;;;0;;;;0;0;;;;;;;;0;;;;;
2/22/20;;0;0;;;;0;;;0;0;;0;;;;0;;;0;;;;;;;0;;;;0;;0;;;;0;;;;109;;;;;;;0;0;;0;;0;0;0;0;0;;0;;0;;0;;;;0;;;0;;;;;;;;;;;;;0;;;0;0;0;;0;0;2;0;0;;;;0;;;0;;;1;0;;;;0;;;0;;;0;0;;;;0;;;;0;;;;;;;;;;;0;0;;;;;0;;0;0;0;0;0;;;;;0;0;;;;;;0;0;;0;;;;;0;0;;;;0;;;;;;;;;;;;;0;;;;;;0;;;;0;0;;;;;;;;0;;;;;
2/23/20;;0;0;;;;0;;;0;0;;0;;;;0;;;0;;;;;;;0;;;;0;;0;;;;0;;;;98;;;;;;;0;0;;0;;0;0;0;0;0;;0;;0;;0;;;;0;;;0;;;;;;;;;;;;;0;;;0;0;0;;0;0;1;0;2;;;;0;;;0;;;3;0;;;;0;;;0;;;0;0;;;;0;;;;0;;;;;;;;;;;0;0;;;;;0;;0;0;0;0;0;;;;;0;0;;;;;;0;0;;0;;;;;0;0;;;;0;;;;;;;;;;;;;0;;;;;;0;;;;0;0;;;;;;;;0;;;;;
2/24/20;;0;0;;;;0;;;0;0;;0;;;;0;;;0;;;;;;;0;;;;0;;0;;;;0;;;;150;;;;;;;0;0;;0;;0;0;0;0;0;;0;;0;;0;;;;0;;;0;;;;;;;;;;;;;0;;;0;0;0;;0;0;3;0;0;;;;0;;;0;;;2;0;;;;0;;;0;;;0;0;;;;0;;;;0;;;;;;;;;;;0;0;;;;;0;;0;0;0;0;0;;;;;0;0;;;;;;0;0;;0;;;;;0;0;;;;0;;;;;;;;;;;;;0;;;;;;0;;;;0;0;;;;;;;;0;;;;;
2/25/20;;0;0;;;;0;;;0;0;;0;;;;0;;;0;;;;;;;0;;;;0;;0;;;;0;;;;70;;;;;;;0;0;;0;;0;0;0;0;0;;0;;0;;0;;;;0;;;0;;;;;;;;;;;;;0;;;0;0;0;;0;0;4;0;4;;;;0;;;0;;;1;0;;;;0;;;0;;;0;0;;;;0;;;;0;;;;;;;;;;;0;0;;;;;0;;0;0;0;0;0;;;;;0;0;;;;;;0;0;;0;;;;;0;0;;;;0;;;;;;;;;;;;;0;;;;;;0;;;;0;0;;;;;;;;0;;;;;
2/26/20;;0;0;;;;0;;;0;0;;0;;;;0;;;0;;;;;;;0;;;;0;;0;;;;0;;;;52;;;;;;;0;0;;0;;0;0;0;0;0;;0;;0;;0;;;;0;;;0;;;;;;;;;;;;;0;;;0;0;0;;0;0;3;0;5;;;;0;;;0;;;3;0;;;;0;;;0;;;0;0;;;;0;;;;0;;;;;;;;;;;0;0;;;;;0;;0;0;0;0;0;;;;;0;0;;;;;;0;0;;0;;;;;0;0;;;;0;;;;;;;;;;;;;0;;;;;;0;;;;0;0;;;;;;;;0;;;;;
2/27/20;;0;0;;;;0;;;0;0;;0;;;;0;;;0;;;;;;;0;;;;0;;0;;;;0;;;;29;;;;;;;0;0;;0;;0;0;0;0;0;;0;;0;;0;;;;1;;;0;;;;;;;;;;;;;0;;;0;0;0;;0;0;4;0;1;;;;2;;;0;;;1;0;;;;0;;;0;;;0;0;;;;0;;;;0;;;;;;;;;;;0;0;;;;;0;;0;0;0;0;0;;;;;0;0;;;;;;0;0;;0;;;;;0;0;;;;0;;;;;;;;;;;;;0;;;;;;0;;;;0;0;;;;;;;;0;;;;;
2/28/20;;0;0;;;;0;;;0;0;;0;;;;0;;;0;;;;;;;0;;;;0;;0;;;;0;;;;44;;;;;;;0;0;;0;;0;0;0;0;0;;0;;0;;0;;;;0;;;0;;;;;;;;;;;;;0;;;0;0;0;;0;0;7;0;5;;;;0;;;0;;;1;0;;;;0;;;0;;;0;0;;;;0;;;;0;;;;;;;;;;;0;0;;;;;0;;0;0;0;0;0;;;;;0;0;;;;;;0;0;;0;;;;;0;0;;;;0;;;;;;;;;;;;;0;;;;;;0;;;;0;0;;;;;;;;0;;;;;
2/29/20;;0;0;;;;0;;;0;0;;0;;;;0;;;0;;;;;;;0;;;;0;;0;;;;0;;;;47;;;;;;;0;0;;0;;0;0;0;0;0;;0;;0;;0;;;;0;;;0;;;;;;;;;;;;;0;;;0;0;0;;0;0;8;0;4;;;;0;;;0;;;3;0;;;;0;;;0;;;0;0;;;;0;;;;0;;;;;;;;;;;0;0;;;;;0;;0;0;0;0;0;;;;;0;0;;;;;;0;0;;0;;;;;0;0;;;;0;;;;;;;;;;;;;0;;;;;;0;;;;0;0;;;;;;;;0;;;;;
3/1/20;;0;0;;;;0;;;0;1;;0;;;;0;;;0;;;;;;;0;;;;0;;0;;;;0;;;;35;;;;;;;0;0;;0;;0;0;0;0;0;;0;;0;;0;;;;0;;;0;;;;;;;;;;;;;0;;;0;0;0;;0;0;9;0;8;;;;2;;;0;;;1;0;;;;0;;;0;;;0;0;;;;0;;;;0;;;;;;;;;;;0;0;;;;;0;;0;0;0;0;0;;;;;0;0;;;;;;0;0;;0;;;;;0;0;;;;0;;;;;;;;;;;;;1;;;;;;0;;;;0;1;;;;;;;;0;;;;;
3/2/20;;0;0;;;;0;;;0;0;;0;;;;0;;;;;;;;;;0;;;;0;;0;;;;0;;;;42;;;;;;;0;0;;0;;0;;0;0;0;;0;;0;;0;;;;0;;;0;;;;;;;;;;;;;0;;;0;0;0;;0;0;11;0;6;;;;1;;;0;;;5;0;;;;0;;;0;;;0;0;;;;0;;;;0;;;;;;;;;;;0;0;;;;;0;;0;0;0;0;0;;;;;0;0;;;;;;0;0;;0;;;;;0;0;;;;1;;;;;;;;;;;;;0;;;;;;0;;;;0;1;;;;;;;;0;;;;;
3/3/20;0;;0;;;;;;;0;0;;;;;;0;;;0;;;;;;;;;;;;;0;;;;0;;;;32;;;;;;;0;0;;0;;;0;0;;;;;;0;;;;;;1;;;;;;;;;;;;;;;;0;;;;;;;0;0;12;0;17;;;0;0;;;;;;6;0;;;;0;;;;;;;;0;;0;;;;;;;;;;;;;;;;;;;;;;;;0;0;;;0;;;;;;;;;;0;;;;;0;;0;;;0;0;;;;;0;;;;;;;;;;;;;;;0;;;0;;;;0;4;;;;;;;;;;;;;
3/4/20;;0;0;;;;;;0;0;0;;;;;;0;;;0;;;;;;;;;;;0;;0;;;;0;;0;;37;;;;;;;0;0;;0;;;0;;0;;;;;0;;0;;;;1;;;;;;;;;;;;;;;;0;;;;0;;;0;0;11;0;28;;;;0;;;;;;4;;;;;;;;;;;;;;;;;;;;;;;;;;;;;;;;0;;;;;;;0;0;;0;;;;;;;0;0;;;0;;0;0;;0;;;;;0;0;;;;0;;;;;;;;;;;;;;;;;;;0;;0;;0;3;;;;;;;;;;;;;
3/5/20;;;0;;;;;;;0;1;;;;;;0;;;0;;;;;;;0;;;;0;;0;;;;0;;0;;31;;;;;;;0;0;;0;;;0;0;;;;0;;1;;;;;;0;;;0;;;;;;;;;;;;;;;0;;0;0;;0;0;15;0;27;;;;0;;;;;;3;;;;;;;0;;;;;;;;;;;;;;;;;;;;;;;;;0;;;;;;;0;0;;0;0;;;;;;;;;;0;;;;;;;;;;0;0;0;;;0;0;;;;;;;;;;;;0;;;;;;;;;;0;2;;;;;;;;;;;;;
3/6/20;;0;0;;;;;;0;0;0;;0;0;;;0;;;0;;;;;;;0;;0;;;;0;;;;1;;0;;30;;;;;;;0;0;;0;;;0;0;0;0;;0;;2;;0;;;;3;;;0;;;;;;;;;;;;;0;;;;0;0;;0;2;15;0;41;;;;0;;;;;;7;0;;;;0;;;;;;;;;;0;;;;;;;;;;;;;;;;;0;;;;;;;0;0;;0;0;;;;;;;;;0;0;;;0;;;;0;;;0;0;0;;;0;0;;;;;;;;;;;;;;;;;;0;;;;0;1;;;;;;;;;;;;;
3/7/20;;;0;;;;;;0;0;0;;0;;;;0;;;0;;;;;;;0;;;;;;0;;;;0;;0;0;28;0;0;;;;;0;0;;0;;0;;;0;0;;0;;2;;0;;;;2;;;;;;;;;;;;;;;;0;;0;0;0;0;;0;;17;0;49;;;;0;;;;;;2;;;;;0;;;;;;;0;;;;;;;;;;;;;;;;;;;;0;;;;;;;1;0;;0;;;0;;;0;0;0;;0;0;;0;0;0;0;;;;;0;0;0;0;;0;;;;;;;;;;;;0;0;;;;;;0;;;;1;2;;;0;;;;;0;;;0;;
3/8/20;;0;0;;;0;;;1;0;1;;;;;;0;;0;0;;;;;;;0;;;;;;0;;;;0;;;;27;;;;;;;0;0;;0;;;0;;;;;0;;0;;;;;;1;;;0;;;;;;;;;;;;;0;;0;;0;0;;0;0;21;0;36;;;0;0;;;0;;;6;0;;;;;;;;;;;;0;;;;0;;;;;;;;;;0;;0;;;0;;;;;;;0;0;;;;;;;;0;;0;;0;0;0;0;0;;;;0;;;0;0;0;0;;0;;;;;;;;;;;;;;;;;;;0;;;;1;3;;;;;;;;0;;;0;;
3/9/20;;;0;;;0;;;0;0;0;;;;;0;0;;0;0;;;;;;;0;;;;;;0;;;;1;;0;0;23;;0;;;;;0;0;;0;;;0;0;;1;;0;;0;;0;;;;9;;;0;;;;;;;;;;;;;;;0;0;0;0;;;4;49;0;133;;;;1;;;;;;1;0;;;;0;;;;;;;0;0;;;;;;;0;;;;;;;;;0;;0;0;;;;;;;2;0;;;;;0;;;0;;0;;;0;;0;0;;;;0;;;0;0;0;0;;0;;;;;;;;;;;;;;;;;;;0;;;;0;4;;;;;;;;0;;;0;;
3/10/20;;0;0;;;0;;;;0;0;;;;;;0;;;0;;;;0;;;;;;;;;1;;;;0;;0;;17;0;0;;;;0;0;2;;0;;0;0;0;;0;;0;;23;;0;;;;11;;;0;;;;;;;;;;;;;;;0;;;;;0;;43;0;98;;;;2;;;;;;3;0;;;;0;;;;;;;;0;;;;;;;;;;;;;;0;;;;;0;;;;;0;;0;0;;;0;0;0;;;0;0;0;;0;0;;0;0;;;;0;;;0;0;;;;1;;;;;;;;;;;;;;;;0;;;;;;;1;5;;;;;;;;0;;;0;;
3/11/20;;0;0;;;0;;;0;0;0;;0;;;;1;0;;0;;;;;;;0;;;;0;;0;0;;;1;;0;;22;;0;;;;;0;0;;0;;;0;0;0;0;;0;;7;;;;;;3;;;0;;;;;;;;;;;;;0;;0;0;0;0;;0;0;54;0;167;;;;3;;;;;;6;0;;;;1;;;;;;0;0;0;;;;0;;;0;;;0;;;;;;0;;;0;;;;;;;1;0;;;0;1;0;;;0;0;0;;0;0;0;0;0;0;0;;0;;;0;0;0;0;;0;;;;;;;;;;;;;0;;;0;;;0;;;;4;2;;;;;;;;0;;;;;
3/12/20;;;0;;;1;0;;;0;0;;0;0;;;3;0;1;0;;;;0;0;;0;;;;0;;0;;;;1;0;0;;11;0;0;0;;;0;0;1;;0;;;0;;0;0;;1;;12;;0;;;;15;;;0;;;;;;;;;;;;0;0;;0;1;1;0;;0;2;63;0;196;;0;;3;;;0;;;6;0;;;;1;;0;0;;;0;0;0;;1;;0;;;;;;;;;;0;;0;;0;0;;;;;;;1;0;;;;0;0;;;1;0;0;;0;0;;0;0;0;0;;0;;;1;0;0;0;;1;;;;;;;;;;;;;0;;;0;0;;0;;;;0;2;;;;;;;;0;;;0;;
3/13/20;;0;0;;;0;0;;0;1;0;;0;0;;;1;;0;0;;;;0;0;;0;;0;;0;;0;;;;0;;0;;7;;0;;;;;0;2;;0;;;1;;0;1;;0;;37;;0;;;;13;0;;0;;0;;;;;;;;;1;;0;;0;;0;0;;1;0;75;0;189;;0;;4;;;0;;;1;0;;;;0;;0;0;;;;0;0;;0;;0;;;0;;;;;;;0;;;;0;0;;;;;;;0;1;;;;0;0;;;0;0;1;;;0;0;;0;0;0;;0;;;0;0;0;0;;2;;;;;;;;;;;;;;;;0;0;0;0;;0;;2;10;;;;0;;;;0;;;0;;
3/14/20;0;;0;;;0;0;;1;0;0;;;;;;3;;0;0;;;;0;0;;0;;;;;;0;0;;;3;;0;;15;0;0;0;;;0;0;0;;0;;0;1;1;0;0;;0;;37;0;;;;;18;;;0;;;;;;0;;;;;;0;0;;0;3;0;0;;1;1;85;0;252;;0;;2;0;;;;;5;0;;;;;;0;0;;;0;1;0;;0;;0;;;0;;;;;;;0;;0;;0;0;;;;;;;0;0;;0;0;0;0;;;4;0;1;;0;0;0;0;0;0;0;;0;;0;0;0;0;0;;0;0;;;;;;;;;;;;0;;;0;;0;0;;;;1;7;;;;;;;;0;;;0;;
3/15/20;;0;0;0;;0;0;;0;0;0;;0;;;0;5;0;1;0;;;;0;0;;0;;0;;;;0;0;;0;4;0;0;0;9;0;0;0;;;0;0;3;;0;;0;0;1;0;0;;2;;15;0;0;;;;12;0;;0;;0;;;;0;0;0;;;;;0;;0;0;1;0;;0;0;97;0;173;;;0;1;0;;0;;;3;0;;0;;1;0;0;0;;;0;;0;;0;0;0;;;;;;0;;0;;0;;0;;0;0;;0;;;0;;7;0;;0;0;0;0;;;0;0;1;;0;0;;0;0;0;0;0;0;0;1;0;0;0;0;;0;0;;0;;;;;;0;;;0;0;;;0;;0;0;;;;18;10;0;;;;0;;;0;;;0;;
3/16/20;0;0;0;;;0;0;;0;0;2;;0;0;;;6;0;0;0;;;;0;;;0;0;;;0;;0;0;0;0;2;0;0;0;13;0;0;;;;0;0;4;;1;;0;2;0;0;0;;1;;152;0;0;;;;36;0;;0;;0;;;;;0;1;;;0;0;0;;1;1;0;0;;0;0;113;0;370;;0;0;2;0;;0;;;0;0;;0;;0;0;0;0;;;0;0;0;;0;0;0;;;0;;;;;0;;0;;0;;0;0;;0;;;0;;8;0;0;;0;0;0;;;6;0;0;;0;0;0;0;0;0;0;0;0;0;0;2;0;0;0;;2;0;;;;;;;;0;;;0;0;;;0;0;0;0;;0;;15;12;0;0;0;;0;;;0;0;;0;;
3/17/20;0;0;0;;;0;0;;0;2;0;;0;0;;0;11;0;0;1;;0;;0;0;;0;0;0;;0;;3;0;0;0;1;0;0;0;9;0;0;;;;0;0;1;;0;;0;0;0;0;0;;0;;21;0;0;;;;21;0;;0;;0;;;;0;0;0;;;0;0;0;;0;0;0;0;;1;0;129;0;347;;0;0;4;0;;0;;;6;0;;0;;0;0;0;0;0;;0;0;0;;0;0;0;;;0;;0;;;0;;0;;0;;0;0;;0;;;0;;4;2;0;;0;0;0;;;0;0;1;;0;0;0;0;0;0;0;0;0;0;0;4;0;0;0;;2;0;0;;;;;;;0;;;0;0;;;0;0;0;0;0;0;;22;16;0;0;0;;0;;;0;0;;0;;
3/18/20;0;0;0;;;0;0;;0;0;0;;0;0;0;0;12;0;0;0;;0;;0;0;;1;;0;;0;;4;0;0;0;5;0;0;0;16;0;0;0;;;0;0;0;;3;;0;1;0;0;2;;1;;182;0;0;;;;27;0;;0;;0;;;0;0;0;0;0;;0;0;0;;0;0;0;0;;0;2;135;0;347;;0;0;0;0;;0;;;5;0;;0;;0;0;0;0;0;;0;0;0;;1;0;0;0;;0;;;0;;0;;0;;0;;0;2;;0;;;0;;19;0;0;0;0;0;0;;;2;0;1;;0;1;0;0;0;0;0;0;0;0;0;1;0;1;0;;2;0;0;;;;;;;0;;;0;0;;;0;0;0;0;0;0;;16;23;0;0;0;;0;;;0;0;;0;;
3/19/20;0;0;0;;;1;0;;0;1;1;;0;0;0;0;22;1;0;0;;0;;0;0;;3;;0;;0;;1;0;0;0;6;0;0;0;8;0;1;1;;;0;0;0;0;0;;0;1;1;0;2;;0;;107;0;0;;;;69;0;;0;;0;;;0;0;0;0;0;;0;0;0;;0;0;0;0;;0;1;147;0;473;;0;0;1;0;0;0;;;5;0;;0;;1;0;0;0;0;;0;1;0;;0;0;1;0;;0;;;0;;0;;0;;0;;0;0;;0;;;0;0;15;0;0;0;0;0;0;0;;3;0;0;;0;1;0;0;0;0;0;0;0;0;0;2;0;0;0;;3;0;0;;;;0;;;0;;;0;0;;;0;1;0;0;0;2;;34;42;0;0;0;;0;;;0;0;;0;0;
3/20/20;0;0;0;;;0;0;;1;2;0;;0;0;0;0;28;0;1;0;;0;0;0;0;;2;0;0;;0;;1;0;0;0;8;0;0;0;4;0;0;0;;;0;0;30;0;2;;0;1;0;0;0;;0;;169;0;0;0;;0;128;0;;0;0;0;0;0;0;0;0;0;0;;0;0;0;0;0;14;1;0;;1;0;149;1;429;0;0;0;4;0;0;0;;;9;0;0;0;;0;0;0;0;0;;0;2;0;;0;0;0;0;;0;;;0;;0;;0;0;0;;0;0;;0;;;0;0;18;3;0;0;0;0;2;0;;1;2;0;;0;1;0;0;0;0;0;0;0;0;0;0;0;0;0;;0;0;0;;;;0;;;0;;0;0;0;;;0;3;0;0;0;0;;43;0;0;0;0;;0;;;0;0;;0;0;
3/21/20;0;0;0;0;;0;0;;0;0;1;;1;0;0;0;31;0;0;0;;0;0;0;0;;5;0;0;;0;;2;0;0;0;10;0;0;0;6;0;1;0;0;;0;0;2;0;3;;2;3;4;0;1;;3;;235;0;0;0;;0;78;1;;0;0;0;0;0;0;0;0;0;0;;0;0;0;0;3;6;0;1;0;0;2;149;0;625;0;0;0;2;0;0;0;;;3;0;1;0;;0;0;0;0;0;;1;1;0;;1;0;0;0;0;0;;;0;;0;0;0;0;0;;2;0;;0;0;0;0;0;30;1;0;0;0;0;1;0;0;0;1;0;;0;3;1;0;0;1;0;0;0;0;0;6;0;0;0;;0;0;0;0;;;0;;;0;;0;0;0;;;1;5;0;1;0;1;;36;110;0;0;0;;0;;;0;0;;0;0;0
3/22/20;0;2;0;0;;0;0;0;1;2;0;;0;1;0;2;39;2;0;0;;0;0;0;0;;7;0;0;;0;;6;1;0;0;13;0;0;0;6;1;0;0;0;;0;0;22;0;4;;1;5;0;0;1;;5;0;324;0;1;0;;0;112;0;;0;0;1;0;0;0;0;0;0;1;;0;0;0;0;0;13;0;0;0;0;3;123;0;795;0;0;0;1;0;0;0;;;1;0;0;0;;0;0;0;0;0;;0;3;0;;0;0;0;0;0;0;;;0;;0;0;0;1;0;;0;2;;0;0;0;0;0;30;0;0;0;0;2;2;0;0;7;0;0;;0;6;0;0;0;0;0;0;0;0;0;4;2;0;0;;6;0;0;0;;;0;;;0;;0;0;0;;0;0;12;0;0;0;0;0;56;80;0;0;0;;0;;;0;0;;0;0;0
3/23/20;0;0;0;0;;0;0;0;0;8;0;;0;0;0;1;42;0;0;1;;0;0;0;0;;7;0;0;;0;;2;1;0;0;4;0;1;0;9;1;0;0;0;;0;1;27;0;0;0;0;2;7;0;2;;2;0;394;0;0;0;;0;112;0;0;0;0;0;0;0;0;0;0;0;0;;0;0;0;0;3;10;1;0;0;3;3;129;0;649;0;0;0;5;0;0;0;;;9;0;0;0;;0;0;0;0;0;;0;0;0;;1;0;0;0;0;1;;;0;;0;0;0;1;0;;0;6;0;0;0;0;0;0;43;0;0;0;0;0;0;0;0;0;2;2;;0;2;0;0;2;0;0;0;0;0;0;1;0;0;0;;0;0;0;0;;;0;;0;0;;0;0;0;;0;2;9;0;0;0;0;0;35;131;0;0;0;;0;;;0;1;;0;0;0
3/24/20;0;0;1;0;;2;0;0;0;9;0;0;0;0;0;0;78;0;0;0;;0;0;0;0;;9;0;0;;0;0;4;0;0;0;6;0;1;0;7;1;0;0;0;0;0;0;32;0;11;0;0;0;4;0;4;;2;0;462;0;0;0;;0;186;0;0;0;0;1;0;0;1;0;0;0;0;;0;0;0;0;1;1;2;0;0;2;3;127;1;601;0;0;0;1;0;0;0;;;7;0;0;0;;0;0;0;0;0;;0;0;0;;0;0;0;0;0;1;;0;0;;0;0;0;0;0;;2;4;0;0;0;0;1;0;34;1;0;0;0;3;0;0;0;8;1;1;;0;9;0;0;5;0;0;0;0;0;0;4;0;0;0;;0;0;0;0;;;0;;0;0;;0;0;3;;0;0;7;0;0;0;0;0;74;119;0;0;0;;0;;0;0;0;;0;0;1
3/25/20;0;0;0;0;;1;0;0;2;5;1;0;0;1;0;1;74;0;0;1;;0;0;0;0;;12;0;0;;0;0;3;1;0;0;20;0;0;1;4;0;0;0;1;;3;2;23;0;8;0;3;2;9;0;5;;3;0;514;0;0;0;;0;240;0;0;0;0;0;0;0;0;0;0;0;0;;0;0;1;0;2;6;1;2;0;0;4;122;0;743;0;1;0;1;0;0;0;;;6;0;0;0;0;0;0;0;0;0;;1;0;0;0;1;0;0;0;0;0;;0;0;;0;0;0;0;0;;1;1;0;0;0;1;0;0;63;2;0;0;0;0;2;0;0;2;1;2;;0;10;2;0;4;0;0;0;1;0;0;11;0;2;0;;1;0;0;0;;;0;;0;0;0;0;0;0;;0;0;7;0;0;0;0;0;149;211;0;0;0;0;0;;0;0;0;;0;0;0
3/26/20;0;0;0;0;;0;0;0;2;4;3;0;1;1;0;1;96;0;0;0;;0;0;0;0;;11;0;0;;0;0;8;0;0;0;17;0;1;0;6;1;0;0;0;1;0;3;49;0;2;0;4;2;2;1;2;;2;0;738;0;2;0;;0;231;0;0;0;0;1;0;0;0;0;0;0;0;;0;0;0;0;0;3;2;2;0;4;2;143;0;685;0;0;0;2;0;0;0;;0;5;0;0;0;0;0;0;0;0;0;;2;0;0;0;1;0;0;0;0;0;0;0;0;;0;0;0;0;0;;0;4;0;0;0;0;0;0;80;2;0;0;0;0;1;0;0;3;1;4;;0;10;0;0;2;1;0;0;1;0;0;6;0;1;0;;0;0;0;0;;;0;0;0;0;0;0;0;0;;0;2;15;1;0;0;1;0;187;249;0;0;0;0;0;;0;0;0;;0;0;0
3/27/20;3;0;0;0;0;1;1;0;4;18;2;0;1;0;0;0;102;0;0;1;;0;0;0;0;;20;0;0;;0;0;4;1;0;0;58;0;1;0;5;2;0;1;0;0;0;3;55;0;7;0;0;4;5;0;0;;4;0;655;0;1;0;;0;365;0;0;0;0;0;0;0;0;0;0;0;0;0;0;1;1;0;0;20;10;3;0;4;7;157;0;660;1;0;0;1;1;0;0;;0;8;0;0;0;0;2;0;0;0;0;;0;1;0;0;4;0;0;1;0;1;0;0;0;;0;0;0;0;0;;3;4;0;0;0;0;0;0;78;2;0;0;0;3;1;0;0;7;1;2;;1;17;0;0;4;1;2;0;1;0;0;24;0;1;0;;0;0;0;0;;;0;0;0;0;0;0;0;1;;0;0;16;0;0;0;1;0;183;246;0;0;0;0;1;0;0;0;0;;2;0;0
3/28/20;0;0;1;0;0;3;0;0;5;16;0;0;0;1;0;0;123;0;0;0;;0;0;0;0;;15;0;0;;0;0;14;0;0;0;36;0;1;0;3;0;0;0;0;0;2;0;72;0;11;0;10;1;7;0;3;;2;0;769;0;3;0;;0;299;0;0;0;0;0;0;0;0;0;0;0;0;0;0;0;1;0;1;9;3;2;0;2;4;144;0;971;0;0;0;3;0;0;0;;0;5;0;0;0;0;1;0;0;0;0;;1;6;0;0;13;0;1;0;0;0;0;0;0;;0;0;0;0;0;;4;3;0;0;0;0;0;1;112;2;0;0;0;5;2;0;0;9;0;0;2;0;16;0;0;7;3;2;0;0;0;0;26;0;4;0;;0;0;0;0;;;0;0;0;0;0;0;1;0;;0;1;17;1;0;0;0;0;284;411;0;0;0;0;0;0;0;0;0;;0;0;0
3/29/20;1;0;1;0;0;1;0;0;2;0;1;0;1;1;0;0;133;6;4;0;;0;0;1;0;;22;0;0;;0;0;7;2;0;0;38;0;1;1;5;0;0;1;0;0;0;2;64;0;13;0;8;3;7;0;6;;4;0;832;0;2;0;;0;319;0;0;0;0;2;0;0;0;0;0;0;0;0;0;1;2;0;2;15;14;2;0;6;2;139;0;887;0;0;1;3;0;0;0;;0;8;0;0;0;0;1;0;0;1;0;;2;3;0;0;0;0;0;0;0;1;0;0;0;;0;0;0;0;0;;4;1;0;0;0;0;0;0;93;4;0;1;0;3;5;0;0;14;2;2;1;0;24;0;1;5;4;1;0;1;0;0;10;1;0;0;;1;0;0;0;;;0;0;0;0;0;0;0;1;;0;0;16;0;0;1;3;0;294;484;0;1;0;0;0;0;0;0;0;;0;0;0
3/30/20;2;0;1;0;0;0;2;2;1;18;2;0;0;1;0;0;139;0;1;0;;0;0;0;3;;22;0;0;;0;0;1;2;0;0;22;1;1;0;2;4;0;0;0;0;1;5;66;0;7;0;11;2;10;2;6;;6;0;838;0;2;0;;0;292;0;0;0;0;0;0;0;0;0;0;0;0;0;0;1;1;0;2;12;10;3;0;4;0;123;0;758;1;0;0;2;0;0;0;;0;6;0;0;1;0;2;0;0;0;0;;0;3;0;0;3;0;0;0;0;2;0;0;0;;0;0;0;1;0;;4;7;0;0;0;0;0;0;132;2;0;0;0;7;2;0;0;3;2;4;2;0;19;0;0;11;3;3;0;4;0;0;8;0;2;0;;2;0;0;0;;;0;0;1;0;0;0;0;1;;0;2;23;1;3;0;1;0;214;318;1;0;0;0;0;0;0;0;0;;0;0;0
3/31/20;2;3;0;0;0;2;0;0;4;22;3;;0;2;0;0;169;3;0;0;;0;0;0;3;;23;0;0;;0;0;28;0;0;0;38;0;1;0;3;4;0;1;0;;1;8;128;0;5;0;3;4;4;0;4;;5;0;812;0;2;0;0;0;418;0;0;0;0;0;0;0;0;0;0;0;0;0;0;4;0;0;1;8;8;2;0;3;4;117;0;810;0;0;4;2;0;0;0;;0;5;0;0;0;0;1;0;0;0;0;;0;1;0;0;7;0;0;0;0;1;0;0;0;0;0;0;0;0;0;;8;3;0;0;0;2;1;0;93;4;0;0;0;2;6;0;0;17;5;9;1;0;21;0;0;4;3;2;0;0;0;1;36;0;0;0;;1;0;0;0;0;;0;;1;0;0;0;0;3;;0;0;37;0;0;0;2;0;374;661;0;1;0;0;2;0;;0;0;;1;0;0
4/1/20;4;1;0;0;0;3;0;0;0;20;1;0;1;4;0;0;187;0;0;0;0;0;0;0;1;;42;0;0;0;0;0;7;0;0;2;78;0;4;4;1;2;0;2;0;0;1;7;149;0;13;0;9;9;17;1;1;;6;0;849;0;4;0;;0;499;0;0;0;0;0;0;0;0;0;0;0;2;0;1;3;0;0;4;14;17;3;0;3;4;141;0;839;0;0;0;0;0;0;0;;0;0;0;0;0;0;1;0;0;1;0;;0;1;0;0;3;0;2;0;0;2;1;1;0;0;0;;0;0;0;;1;6;0;0;0;0;0;0;175;2;0;0;1;4;6;0;0;0;8;2;2;0;20;0;1;25;7;7;0;2;0;0;34;0;2;0;0;1;0;0;0;;;1;0;0;0;0;0;0;0;;0;1;46;0;0;0;2;0;382;909;0;0;0;0;0;0;0;0;0;;2;0;0
4/2/20;2;0;0;0;0;0;1;0;7;18;1;0;0;1;0;1;251;2;2;0;0;0;0;0;1;0;40;1;0;1;0;0;13;3;0;0;5;0;4;0;6;1;0;0;0;0;1;8;140;0;14;0;6;14;41;1;5;;1;0;864;0;0;0;;0;509;0;0;0;0;0;0;0;0;0;0;0;0;0;2;4;0;0;1;21;14;1;0;15;0;138;0;727;0;2;0;1;0;1;0;;0;6;0;0;1;0;0;0;0;0;0;;1;6;0;0;3;0;1;0;0;1;0;0;0;1;0;0;0;2;0;;8;2;0;0;0;2;0;0;134;4;0;0;0;2;17;0;0;8;5;10;3;0;27;0;0;16;0;7;0;6;0;0;59;1;2;0;0;0;1;0;0;0;;1;1;0;0;0;0;1;2;;0;1;63;2;0;0;7;0;670;1059;1;0;0;0;0;0;0;0;0;;0;0;0
4/3/20;1;2;0;0;0;1;3;0;3;12;2;0;0;4;0;0;213;2;0;0;0;0;0;0;1;0;58;0;0;0;4;0;29;0;0;1;54;0;2;1;10;2;0;0;0;0;0;5;145;0;19;0;3;5;0;6;6;;3;0;950;0;2;0;;0;471;0;0;0;0;0;0;0;0;0;0;0;0;0;0;1;1;0;5;13;13;13;1;6;4;124;2;760;0;0;0;6;2;0;0;;0;5;0;0;1;0;4;0;0;1;0;;1;1;0;1;5;0;1;1;0;1;2;0;0;0;1;0;0;2;0;0;13;5;0;0;0;0;0;0;166;10;0;0;0;5;8;0;0;11;0;14;1;0;22;0;1;9;8;6;0;5;0;0;43;1;1;0;0;4;0;0;0;;;0;1;0;0;0;0;0;3;;0;3;79;1;0;0;2;0;652;915;2;0;0;0;0;0;0;0;0;;0;1;0
4/4/20;1;0;0;0;0;1;0;0;3;10;7;0;0;1;0;0;233;0;4;0;0;0;0;0;1;0;60;2;0;0;0;0;49;2;0;0;52;0;4;1;4;6;0;0;0;0;0;9;141;0;16;0;8;42;25;1;0;;6;0;932;0;1;0;0;0;2004;0;0;0;2;0;0;0;0;0;0;0;1;0;0;0;1;0;6;11;22;5;0;12;0;0;0;764;0;0;0;6;1;0;0;;0;3;0;0;0;0;0;0;0;1;0;;0;1;1;0;0;0;2;0;0;1;0;0;0;0;0;0;0;0;0;0;10;3;0;0;0;0;0;0;148;2;0;0;0;4;6;0;0;29;0;14;3;0;37;0;0;39;8;4;0;0;0;0;51;0;4;0;0;2;0;0;1;;;1;0;0;0;0;0;1;4;;0;0;69;0;0;0;5;0;714;1104;0;0;0;0;0;0;0;0;0;;2;0;0
4/5/20;1;2;1;0;0;2;0;0;6;18;4;0;0;3;0;2;274;0;3;0;0;0;0;0;0;0;73;1;0;0;1;0;44;5;0;2;56;1;5;1;3;7;0;0;0;0;0;6;184;0;22;0;9;25;27;1;14;;9;0;809;0;5;0;0;0;1053;0;0;0;0;0;0;0;0;0;0;1;0;0;0;7;4;0;2;10;17;7;0;9;2;292;0;681;1;0;0;1;0;0;0;;0;6;1;0;0;0;1;0;1;1;1;;0;0;0;0;15;2;4;0;0;5;0;0;0;0;0;0;0;0;0;0;19;4;0;0;0;0;2;0;164;6;0;0;1;5;12;0;0;8;4;8;3;;20;0;0;8;5;9;0;8;0;0;40;1;2;0;0;0;1;0;0;;;0;0;0;0;0;0;0;4;;0;5;76;0;0;0;5;0;760;1344;1;0;0;0;2;0;0;0;0;;2;0;0
4/6/20;1;0;2;0;0;2;1;0;3;18;2;0;2;3;1;1;235;1;3;0;0;0;0;0;1;0;54;1;0;0;3;1;49;0;0;0;19;1;7;0;2;3;0;2;0;0;0;8;92;0;18;0;5;22;8;2;5;;5;0;674;2;2;0;0;0;518;0;0;2;1;0;0;0;0;0;0;1;0;0;0;0;3;0;4;7;21;3;0;32;5;151;0;527;0;0;0;3;0;3;0;;0;3;0;0;2;0;1;0;0;0;2;;4;5;0;0;11;0;3;0;0;0;2;0;0;0;0;0;0;0;0;0;15;4;0;0;0;5;1;0;115;8;0;0;0;8;10;0;0;8;15;15;2;0;29;2;1;7;7;2;0;5;0;0;28;0;6;0;0;0;0;0;0;0;;0;2;0;0;1;0;0;3;;0;1;73;1;0;0;5;0;644;1146;1;0;0;0;0;0;1;0;0;;2;0;0
4/7/20;3;1;0;0;0;1;0;0;7;16;6;0;0;4;1;3;272;0;2;0;0;1;2;0;3;0;67;0;0;0;5;0;43;0;0;0;25;0;3;0;0;11;0;1;0;0;0;11;173;0;8;0;4;21;11;4;7;;6;0;637;0;0;0;0;0;833;0;0;0;1;0;0;0;0;0;0;0;0;0;1;0;1;1;9;11;16;8;0;5;3;136;2;636;0;0;1;7;0;0;0;;0;6;0;0;1;0;1;0;0;0;0;;1;5;0;0;10;0;4;0;0;4;0;0;0;0;0;0;0;0;0;0;31;1;0;0;0;0;0;0;101;1;0;0;0;1;9;0;0;11;4;13;1;0;16;0;0;9;7;2;0;4;0;0;76;0;2;2;0;0;0;0;0;0;;1;0;0;0;0;0;0;0;;0;3;75;1;0;0;1;0;568;1342;0;0;0;0;0;0;0;0;2;;1;0;0
4/8/20;1;1;4;0;0;0;1;0;7;23;3;0;1;4;1;5;303;2;1;1;0;0;0;0;1;0;114;1;0;0;0;0;57;0;0;0;57;0;6;0;2;4;0;2;0;0;0;10;254;0;16;0;12;20;29;2;7;;2;0;743;0;7;0;0;0;1417;0;0;1;0;0;0;0;0;0;0;0;0;0;0;0;2;0;11;12;36;8;0;35;0;133;0;604;0;0;0;1;2;0;0;;0;8;0;0;0;0;0;0;0;1;0;;1;3;1;0;10;0;3;0;0;5;0;0;0;1;0;0;0;0;0;1;16;1;0;0;0;1;1;0;234;10;0;0;0;4;15;0;0;14;4;22;2;0;34;0;2;25;3;11;0;3;0;0;114;0;6;0;0;2;0;0;0;0;;0;4;0;0;0;0;0;4;;0;0;76;0;0;0;7;0;1038;1906;1;0;0;0;2;0;0;0;2;;1;0;0
4/9/20;1;0;3;0;0;0;1;0;5;30;5;0;0;3;0;3;317;4;1;0;0;0;1;0;3;0;133;1;0;0;0;0;55;2;0;0;64;0;5;1;2;5;0;1;0;0;0;11;246;0;15;0;10;12;22;3;18;;2;0;757;0;6;0;0;0;541;0;0;0;1;1;0;0;0;0;0;0;0;0;1;1;1;0;8;19;25;6;0;17;5;121;0;540;0;1;0;4;0;0;0;;0;4;0;0;1;0;0;0;0;1;1;;0;2;0;0;3;0;5;0;0;4;2;2;0;0;0;0;1;0;0;0;33;2;0;0;0;0;0;0;147;11;0;0;0;4;14;0;0;5;5;30;1;0;35;0;0;27;4;5;0;0;0;0;96;0;4;0;0;0;0;0;0;0;0;1;0;0;0;0;0;0;2;;0;1;87;0;0;0;7;0;1034;1922;0;1;0;0;1;0;0;0;1;;5;0;1
4/10/20;2;2;1;2;0;1;1;0;14;22;2;0;1;1;0;1;270;1;0;0;0;0;1;0;1;0;141;1;0;0;3;0;74;0;0;0;51;0;9;0;1;14;1;3;0;0;1;13;266;1;19;0;10;30;30;0;15;;3;0;683;0;2;0;0;0;1341;0;0;0;0;0;0;0;0;0;0;0;0;0;0;0;1;1;11;40;28;15;0;33;0;117;0;612;0;0;1;3;1;1;0;;0;4;0;0;2;0;0;0;0;0;0;;0;6;0;0;4;0;2;0;0;2;0;0;0;0;0;0;1;0;0;0;20;2;0;0;0;0;1;0;148;8;0;1;1;3;17;0;0;21;3;15;9;0;29;1;0;20;1;13;0;3;0;0;106;0;3;0;0;0;0;1;0;0;0;1;0;0;0;0;0;0;1;;0;2;96;0;0;0;5;0;1110;1873;0;0;0;0;1;0;0;0;1;0;0;0;1
4/11/20;1;2;0;0;0;0;2;0;3;24;2;0;1;1;1;6;319;2;1;1;0;0;0;0;1;0;115;0;0;0;3;1;60;0;0;0;49;0;8;0;3;11;0;0;0;0;0;7;171;0;10;0;8;21;25;0;17;;4;0;605;0;6;0;0;0;987;0;0;0;1;0;0;0;0;0;0;0;0;0;0;1;1;0;8;26;24;9;0;40;1;122;1;570;1;0;0;6;0;0;0;;0;0;0;0;1;0;1;0;0;0;0;;2;2;0;0;10;0;0;0;0;0;0;0;0;0;0;0;0;2;0;0;39;3;0;0;0;0;0;0;115;4;0;2;0;8;31;0;0;0;5;7;6;1;26;0;0;28;5;18;0;3;0;0;77;0;2;0;0;0;0;0;0;0;0;0;1;0;0;0;0;0;2;;0;0;98;0;0;2;12;0;1152;2087;0;0;0;0;0;0;0;0;0;0;6;1;0
4/12/20;2;4;3;0;0;0;0;0;7;18;3;0;1;0;0;3;288;1;3;0;0;0;0;0;4;0;68;0;0;0;4;0;84;0;0;0;26;1;8;1;0;20;0;1;0;0;0;10;129;1;13;0;9;19;18;0;11;;3;0;510;1;1;0;0;0;635;0;0;0;0;2;0;0;0;0;0;0;1;0;0;1;0;0;14;21;33;6;0;34;2;125;1;619;0;0;0;4;0;0;0;;0;6;0;0;0;0;0;0;0;0;1;;6;8;1;0;4;0;1;0;0;2;2;0;0;0;0;0;1;0;0;1;40;3;0;0;0;0;3;0;132;6;0;0;0;5;12;0;0;44;15;27;3;0;35;0;0;25;3;12;0;5;0;0;17;2;5;0;0;1;0;0;0;0;0;0;0;0;0;0;0;0;3;;0;3;95;0;1;0;4;0;840;1831;0;1;0;0;0;0;0;0;0;0;1;0;0
4/13/20;1;2;0;0;0;0;1;0;6;13;4;0;0;1;0;4;342;0;1;0;0;0;0;0;3;0;99;0;0;0;3;0;64;0;0;0;27;1;7;1;2;9;0;2;0;0;1;9;126;0;13;0;38;18;18;1;13;;5;0;619;0;7;0;0;0;561;0;0;0;0;0;0;0;0;0;0;2;0;0;0;0;2;1;10;46;14;2;1;35;4;117;0;431;0;0;0;4;1;0;0;;0;3;0;0;0;0;0;0;0;0;0;;1;4;2;0;7;0;2;1;0;0;0;1;0;0;0;0;0;0;0;0;23;3;0;0;0;1;0;0;94;5;0;1;1;8;12;0;0;50;7;24;2;0;34;0;1;24;6;24;0;7;0;0;12;0;3;0;0;0;0;1;0;0;0;0;0;0;0;0;0;0;2;;0;3;97;0;0;0;10;0;686;1500;1;0;0;0;0;0;0;0;0;0;0;0;0
4/14/20;0;3;3;0;0;0;2;0;3;18;0;0;1;0;0;5;280;1;3;1;0;0;0;0;1;0;105;0;0;0;3;0;63;0;0;0;0;1;2;0;0;3;0;3;0;0;1;5;170;0;12;0;4;20;22;3;5;;1;0;517;0;3;0;0;0;574;0;0;0;0;0;0;0;0;0;0;0;0;0;0;1;2;0;13;26;31;13;0;31;2;111;0;564;0;0;0;7;1;0;0;;0;5;1;0;4;0;0;0;0;0;1;;0;1;0;0;8;0;4;0;0;4;1;0;0;0;0;0;0;0;0;0;36;1;0;0;0;1;0;0;86;11;0;4;0;7;0;0;0;18;3;13;1;0;31;1;0;12;5;18;0;6;0;2;20;1;2;0;0;1;0;0;0;0;0;0;0;0;0;0;0;0;1;;0;3;98;0;0;0;10;0;744;1541;0;0;0;0;0;0;0;0;1;0;2;0;0
4/15/20;2;3;2;0;0;1;1;0;7;16;0;0;1;1;1;7;275;2;3;0;1;0;1;0;0;0;204;0;0;0;4;0;123;1;0;0;42;0;10;5;1;15;0;0;0;0;0;18;285;0;14;0;6;12;0;3;14;;2;0;787;0;5;0;0;0;762;0;0;0;1;0;0;0;0;0;0;0;0;0;0;5;6;0;12;60;41;7;0;38;0;98;0;604;0;1;0;10;0;0;0;;0;3;1;0;0;0;1;0;0;0;0;;0;0;0;0;0;0;4;1;0;6;3;0;0;0;0;0;0;0;0;0;74;5;0;0;0;1;1;0;122;13;0;0;0;1;37;0;0;20;11;18;0;0;32;1;0;26;9;22;0;8;0;1;114;1;1;0;0;0;0;0;0;0;0;0;0;0;0;0;0;0;2;;0;0;107;0;0;0;5;0;1047;2408;0;0;0;0;0;0;0;0;0;0;0;0;0
4/16/20;2;5;2;0;0;1;1;0;4;9;2;1;0;1;0;4;275;2;1;0;0;0;0;0;1;0;204;0;0;0;3;0;107;1;0;0;73;0;2;0;0;4;1;3;0;0;0;5;315;0;10;0;6;11;33;4;5;;1;0;617;0;8;0;0;0;1438;0;0;0;0;0;0;0;0;1;0;0;0;0;0;4;3;0;8;10;38;7;0;37;1;94;0;578;2;0;0;17;1;0;0;;0;4;0;0;2;0;0;0;0;0;0;;5;2;0;0;1;1;6;0;0;1;0;0;0;0;0;0;0;0;0;0;43;1;0;0;0;0;1;0;189;3;0;0;0;8;24;0;0;14;17;23;6;0;32;0;0;28;5;28;0;6;0;0;170;0;5;4;0;0;0;3;0;0;0;0;0;0;0;0;0;0;3;;0;1;115;0;0;1;10;0;842;4928;1;0;0;0;0;0;0;0;1;0;7;0;0
4/17/20;0;0;4;0;0;1;1;0;6;17;0;0;2;1;0;10;251;0;2;0;0;0;0;0;2;0;188;1;0;0;4;0;183;1;0;0;43;0;11;4;1290;13;0;3;0;0;0;3;299;0;12;0;7;12;15;1;13;;3;0;585;0;3;0;0;0;753;0;0;0;2;0;0;0;0;0;0;2;0;0;0;6;1;0;14;27;42;12;2;23;1;92;0;525;4;0;0;12;1;0;0;;0;1;0;0;1;0;0;0;0;0;0;;3;0;0;0;3;0;8;0;0;1;0;0;0;0;0;0;0;0;0;0;37;1;0;0;0;1;1;0;181;6;0;2;0;6;20;0;0;13;11;28;5;0;30;0;0;15;4;34;0;4;0;0;130;0;0;2;0;2;0;0;0;0;0;0;0;0;0;0;0;2;1;;0;2;125;0;0;0;8;0;1029;2299;0;0;0;0;0;0;0;0;2;0;14;0;0
4/18/20;2;2;1;0;0;0;1;0;7;21;4;1;0;3;0;15;205;3;3;0;0;0;0;0;0;0;217;0;0;0;3;0;116;2;0;1;42;0;11;0;0;9;0;4;0;0;0;4;242;0;15;0;4;16;18;2;9;;0;0;565;0;7;0;0;0;761;0;0;0;0;0;0;0;0;2;0;0;0;0;0;5;1;0;16;24;44;9;0;43;1;89;0;575;1;0;0;6;0;0;0;;0;2;2;0;0;0;0;0;0;0;1;;1;3;0;0;5;0;2;0;0;3;0;1;0;0;0;0;0;0;0;0;60;2;0;0;0;3;4;0;144;0;0;0;2;7;26;0;0;25;8;18;2;0;28;0;0;13;7;41;0;4;0;0;67;1;5;1;0;1;1;0;0;0;0;1;0;0;1;0;0;0;0;;0;0;126;0;0;1;9;0;936;3770;0;0;0;0;0;0;1;0;1;0;2;0;0
4/19/20;0;2;0;0;0;0;0;0;10;12;2;0;3;1;0;9;208;1;0;0;0;0;0;0;1;0;206;0;0;0;2;0;158;0;0;0;52;2;10;0;0;13;0;1;0;0;0;8;184;0;10;0;17;3;35;0;19;;0;0;410;0;8;0;0;0;642;0;0;1;0;1;0;0;0;0;0;0;0;0;1;0;3;0;17;15;41;13;2;27;0;73;1;480;1;0;0;7;1;0;0;;0;2;1;0;0;0;0;0;0;0;0;;0;0;0;0;2;0;4;1;0;0;0;0;0;0;0;0;0;0;0;0;104;2;0;0;0;1;2;0;142;12;0;1;0;4;48;0;0;10;16;15;2;0;30;0;1;17;7;40;0;5;0;5;111;0;4;2;0;0;0;2;0;0;0;0;0;0;0;0;0;0;0;;0;0;121;0;0;0;8;0;1115;1856;0;1;0;0;0;0;1;0;0;0;2;0;0
4/20/20;1;4;3;0;0;0;2;0;2;9;1;0;1;1;0;7;211;0;2;0;0;0;0;0;1;0;115;0;0;0;2;0;113;0;0;0;24;1;7;21;0;13;0;2;0;0;0;7;110;0;9;0;9;8;18;2;15;;5;0;399;0;4;0;0;0;395;0;0;0;0;0;0;0;0;2;0;0;0;0;0;0;8;0;10;47;39;8;0;36;1;87;0;433;0;0;0;10;2;2;0;;0;2;1;0;2;0;0;0;0;0;1;;3;1;0;0;4;0;7;0;0;2;1;0;0;0;0;0;0;0;0;0;36;1;0;0;0;1;2;0;83;6;0;0;1;6;52;0;0;12;17;13;2;0;27;0;0;17;5;48;0;5;0;0;29;0;4;1;0;0;1;0;0;0;0;0;1;1;0;0;0;0;0;;0;1;127;0;0;0;8;0;498;1772;1;0;0;0;0;1;0;0;2;0;2;1;0
4/21/20;0;2;2;1;0;0;2;0;8;10;1;0;0;2;0;10;198;2;0;0;0;0;0;0;1;0;113;0;0;0;4;0;110;0;0;0;7;1;6;0;0;10;2;2;0;0;0;8;194;0;9;0;9;9;33;0;11;;6;0;430;0;4;0;0;0;547;0;0;0;1;0;0;0;0;0;0;0;0;0;0;0;0;0;14;8;77;5;3;47;0;91;1;454;2;1;0;15;0;0;0;;0;1;2;0;0;0;0;0;0;0;0;;1;2;0;0;2;0;3;0;0;3;0;0;0;0;0;0;0;0;0;0;26;0;0;0;0;0;1;1;67;0;0;1;1;10;45;0;0;19;16;20;1;0;21;0;1;17;3;44;0;6;0;2;40;0;0;1;0;0;1;1;0;0;0;0;0;0;0;0;0;1;0;;0;0;123;0;0;0;10;0;559;1857;0;0;0;0;0;0;0;0;0;0;4;0;0
4/22/20;1;3;1;0;0;0;0;0;9;1;3;0;1;2;0;9;202;0;2;0;0;0;0;0;3;0;166;0;0;0;4;0;144;0;0;0;45;3;8;0;0;7;0;2;0;0;0;5;281;0;6;0;10;8;13;3;14;;5;0;435;0;43;0;0;0;531;0;0;0;0;0;0;0;0;1;0;1;0;0;0;0;1;1;12;26;43;7;1;50;1;88;0;534;0;0;0;0;0;0;0;;0;1;2;0;0;0;0;0;0;0;0;;1;3;4;0;2;0;3;0;0;1;0;0;0;0;0;0;0;0;0;0;145;3;0;0;0;0;3;0;165;9;0;1;0;5;39;0;0;9;17;21;0;0;27;1;0;32;0;51;0;6;0;0;185;0;3;1;0;1;0;0;0;0;0;0;0;0;0;0;0;0;1;;0;0;119;0;0;3;10;0;1173;2524;2;1;0;0;1;0;0;0;3;0;0;0;0
4/23/20;0;6;4;0;0;1;0;0;8;31;0;0;0;2;1;10;192;1;4;0;0;0;0;0;3;0;165;0;0;0;3;0;140;0;0;0;30;1;13;1;0;10;0;2;0;0;2;9;215;0;14;0;15;10;17;1;0;;0;0;440;0;8;0;0;0;544;0;0;1;0;0;0;0;0;0;0;2;0;0;0;1;0;0;0;19;39;7;5;41;0;94;0;437;4;0;0;101;0;1;0;;0;2;2;0;0;0;1;0;0;0;0;;0;2;2;0;4;0;3;0;0;1;3;0;0;0;0;0;0;0;0;1;113;1;0;0;0;2;3;0;138;6;0;2;0;3;46;0;0;9;0;25;1;0;23;0;1;25;9;57;0;5;0;1;172;1;2;0;0;0;1;6;0;0;0;1;2;0;0;0;0;0;2;;0;0;117;0;0;2;13;0;837;1721;0;1;0;0;0;0;0;0;0;0;7;0;0
4/24/20;0;4;2;0;0;0;3;0;6;14;1;0;0;1;0;7;176;2;3;1;0;0;0;0;3;0;407;2;0;0;2;0;172;0;0;0;51;0;8;6;0;9;0;3;0;0;0;3;227;0;10;0;5;5;23;1;12;;4;0;367;0;23;0;0;0;516;1;0;0;0;0;0;0;0;0;1;1;0;0;0;0;2;1;25;12;25;2;1;37;0;90;0;464;1;0;0;30;0;0;0;;0;0;1;0;3;0;0;0;0;0;0;;2;3;0;1;6;1;4;0;0;0;4;0;0;0;0;0;0;0;0;0;99;2;0;0;0;2;3;0;123;11;0;1;1;2;42;0;0;16;28;28;5;0;35;0;0;19;5;42;0;7;0;0;84;0;0;1;1;0;0;0;0;0;0;0;0;0;0;0;0;0;0;;0;0;115;0;0;0;13;0;727;3179;0;0;0;0;0;0;0;0;1;0;10;0;0
4/25/20;3;8;1;0;0;0;1;0;2;5;4;0;1;1;0;4;148;0;2;0;0;0;0;0;1;0;357;0;0;0;3;0;156;3;0;0;41;0;6;0;0;10;0;6;0;0;0;2;179;0;9;0;2;8;16;1;18;;5;0;378;0;5;0;0;0;389;1;0;0;1;1;0;0;0;0;0;0;0;0;1;0;1;0;12;42;35;1;2;57;3;93;0;420;0;1;0;17;0;0;0;;0;0;1;0;3;0;0;0;0;0;0;;0;2;1;0;3;0;7;1;0;1;0;0;0;0;0;0;0;0;0;0;152;1;0;0;0;0;1;1;112;11;0;1;1;8;62;0;0;15;16;40;8;0;60;0;0;25;5;60;0;6;0;3;131;0;1;2;2;0;1;2;0;0;0;0;0;0;0;0;0;0;0;;0;0;109;0;0;0;6;0;1006;1054;0;1;0;0;0;0;0;0;0;0;4;0;1
4/26/20;0;0;4;0;0;0;0;0;18;23;2;0;0;2;0;9;155;0;1;0;0;0;0;0;2;0;346;0;0;0;4;0;163;0;0;2;20;0;7;4;0;8;0;2;0;0;0;3;140;0;15;0;6;4;0;0;13;0;0;0;288;0;9;0;0;0;369;0;0;0;1;0;0;0;0;1;0;2;0;0;0;12;3;1;10;31;234;5;0;49;0;76;0;415;0;0;0;14;0;0;0;;0;2;4;0;0;0;2;0;0;0;3;;1;0;0;0;1;0;7;0;0;2;0;0;0;0;0;1;1;0;0;0;84;2;0;0;0;3;3;0;120;2;0;0;0;5;66;0;0;17;16;30;6;0;23;0;0;23;7;66;0;9;0;1;40;0;1;0;0;0;0;2;0;0;0;0;0;0;0;0;0;0;1;;0;0;106;0;0;0;8;0;843;2172;2;0;0;0;0;0;0;0;0;0;7;0;0
4/27/20;0;12;10;0;0;1;1;0;1;6;2;0;0;2;0;5;176;1;1;0;0;0;0;0;4;0;189;0;0;0;5;0;95;0;0;0;8;0;8;3;1;10;0;3;0;0;0;3;110;0;4;0;5;6;0;3;0;0;0;0;0;0;4;0;0;0;242;0;0;1;1;1;0;0;0;0;0;2;0;1;0;2;1;0;8;23;24;0;0;48;1;60;0;260;0;0;0;3;0;0;0;;0;1;1;0;0;0;0;0;0;0;1;;0;3;0;0;2;0;2;1;0;2;2;0;0;0;0;0;0;0;0;0;46;0;0;0;0;2;5;0;66;0;0;1;0;6;28;0;0;7;12;11;1;0;25;0;0;33;5;66;0;3;0;4;2;0;1;1;1;1;2;5;0;0;0;0;1;0;0;0;0;0;0;;0;0;99;0;0;0;8;0;420;1687;1;0;0;0;0;0;0;0;2;0;1;0;0
4/28/20;0;6;0;0;0;0;1;0;11;7;1;0;1;2;0;7;127;0;2;0;0;0;1;0;3;0;338;0;0;0;3;0;147;2;0;0;16;0;9;2;0;10;0;2;0;0;1;2;163;0;5;0;0;7;87;1;30;0;6;0;632;0;3;0;0;0;437;0;0;0;0;0;0;0;0;0;0;0;0;0;0;0;4;0;11;22;15;3;0;62;1;96;0;333;0;0;0;25;0;0;0;;0;1;2;0;0;0;0;0;0;0;4;;0;0;1;0;1;0;6;0;0;4;0;0;0;0;0;0;0;1;0;0;83;1;0;0;0;0;0;0;43;0;0;0;0;2;54;0;0;10;20;27;0;0;20;0;0;23;6;48;0;5;0;1;80;2;1;0;0;0;0;3;0;0;0;0;0;0;0;0;0;0;3;;0;1;95;0;0;0;11;0;338;1369;0;0;0;0;0;0;1;0;1;0;3;0;0
4/29/20;1;7;3;0;0;2;0;0;10;20;4;0;0;2;0;3;115;0;0;0;0;0;0;0;2;0;474;0;0;0;4;0;152;0;0;0;27;0;9;1;0;16;0;2;0;0;0;4;202;0;7;0;8;5;208;0;22;0;0;0;453;0;6;0;0;0;367;0;0;0;0;5;0;0;0;0;0;1;0;0;0;5;4;0;9;8;57;6;3;73;0;71;0;382;1;0;1;13;0;0;0;;0;2;1;0;0;0;0;0;0;0;0;;3;1;0;0;3;0;5;0;0;6;1;0;0;0;0;0;0;0;0;0;135;1;0;0;0;2;4;0;48;2;0;0;0;9;72;0;0;19;26;34;2;0;25;0;0;19;6;72;0;8;0;3;81;0;3;2;0;0;0;2;0;0;0;1;0;0;0;0;2;0;0;;0;1;92;0;0;0;19;0;911;2110;0;0;0;0;0;0;0;0;0;0;3;0;0
4/30/20;1;9;0;0;0;1;2;0;7;11;2;0;1;2;1;8;98;1;6;0;0;1;0;0;4;0;449;0;0;0;5;0;137;1;0;1;28;0;9;2;0;9;0;0;0;0;0;0;173;0;9;0;7;7;12;0;21;0;3;0;268;0;7;0;0;0;427;0;0;0;0;0;0;0;0;0;0;0;0;0;0;5;4;0;12;11;31;7;0;67;4;80;0;323;1;0;0;26;1;0;0;;0;1;1;0;0;0;0;0;0;0;0;;1;0;2;0;3;0;4;0;0;2;1;1;0;0;0;0;0;0;0;0;163;0;0;0;0;1;7;1;145;7;0;0;0;2;89;0;0;28;19;28;0;0;16;0;0;25;5;105;0;5;0;3;107;0;3;2;0;0;0;0;0;0;0;0;0;0;0;0;0;1;0;;0;0;89;0;0;6;11;0;795;2611;0;1;0;0;0;0;0;0;0;0;10;0;0
5/1/20;0;7;4;0;0;0;1;0;4;4;2;0;1;4;0;5;84;0;2;0;0;0;0;0;3;0;435;0;0;0;5;0;188;0;0;0;15;0;11;0;0;15;0;3;0;0;0;9;193;0;9;0;8;6;17;2;12;0;1;0;281;0;5;0;0;0;289;0;0;0;0;1;0;0;0;0;0;0;0;0;1;4;2;2;11;8;42;7;0;73;1;71;0;285;2;1;0;17;2;0;0;;0;1;2;0;0;0;0;0;0;0;0;;0;1;0;1;2;0;8;0;0;4;1;0;0;0;0;0;0;0;1;0;127;2;0;0;0;0;7;0;84;2;0;0;1;10;108;0;0;10;39;20;6;2;18;1;0;42;6;101;0;5;0;3;124;1;2;1;3;0;0;0;0;0;1;1;0;0;0;0;3;2;0;0;0;0;93;0;0;0;11;0;674;2040;2;0;0;0;0;0;0;0;3;2;0;0;0
5/2/20;1;6;4;0;0;0;0;0;7;5;1;0;1;1;0;2;98;1;3;0;0;0;0;0;4;0;428;0;0;0;4;0;207;1;0;1;12;1;7;0;0;21;0;3;1;0;0;4;94;0;10;0;12;3;163;0;14;0;0;0;276;0;7;0;0;0;218;1;0;2;0;0;0;0;0;0;0;0;0;0;0;0;6;0;12;8;33;3;1;71;1;63;0;269;1;0;0;26;4;0;0;0;0;2;4;0;0;0;0;0;0;0;2;;0;2;1;0;1;0;3;0;0;4;0;0;0;0;0;0;0;0;0;0;113;1;0;0;0;1;10;0;98;0;0;1;0;4;73;0;0;11;32;7;2;0;0;0;2;27;6;96;0;7;0;0;67;1;2;0;0;0;0;0;0;0;0;0;0;0;0;0;0;0;0;0;0;1;84;0;0;0;11;0;740;2062;0;0;0;0;0;0;0;0;0;0;13;0;0
5/3/20;1;8;4;0;0;0;2;0;12;7;0;0;0;2;0;5;73;0;3;0;0;0;1;0;5;0;421;0;0;0;4;0;175;1;0;0;32;0;13;3;0;10;0;2;0;0;0;5;74;0;11;0;13;6;308;1;9;0;3;0;164;0;2;0;0;0;166;1;0;0;0;1;0;0;0;0;0;1;0;0;0;1;2;0;5;31;0;4;0;83;1;65;0;474;0;0;1;34;1;2;0;0;0;0;3;0;0;0;1;0;0;0;0;;1;0;0;0;2;0;2;0;0;1;0;0;0;0;0;0;0;0;0;0;89;0;0;0;0;2;17;0;94;0;0;0;1;5;76;0;0;24;23;13;1;0;16;0;0;27;4;53;0;7;0;10;16;1;1;1;1;0;0;3;0;0;0;1;0;0;0;0;5;0;0;0;0;1;78;0;0;0;7;0;621;1317;0;0;0;0;0;0;0;0;1;0;7;0;0
5/4/20;1;7;13;0;0;0;4;0;9;2;2;0;0;5;0;2;96;1;1;0;0;0;0;0;5;0;275;0;0;0;2;0;116;1;0;0;6;2;13;0;0;16;0;1;0;0;0;3;43;0;8;0;7;4;193;2;14;0;1;0;164;0;10;0;0;0;135;0;0;1;0;0;0;0;0;0;0;0;0;1;0;6;2;0;11;14;38;3;0;72;2;47;0;174;0;1;0;18;2;0;0;0;0;2;5;0;2;0;0;0;0;0;0;;0;4;0;0;1;0;1;1;0;2;1;0;0;0;0;0;0;0;0;0;93;2;0;0;0;1;2;1;69;4;0;0;0;3;86;0;0;4;22;14;2;0;40;0;0;9;4;58;0;8;0;0;10;1;2;0;0;0;0;1;0;0;0;1;0;0;0;0;0;0;0;2;0;0;61;0;0;0;9;0;315;1297;0;1;0;0;0;0;0;0;0;0;8;0;0
5/5/20;0;11;5;0;0;0;1;0;14;2;0;0;1;1;0;5;98;1;5;0;0;0;0;0;6;0;296;0;0;0;4;0;172;0;0;0;4;0;10;0;0;18;0;2;0;0;0;4;139;0;9;0;13;2;5;0;7;0;2;0;185;0;10;0;0;0;306;1;0;0;0;0;0;0;0;2;1;2;0;0;0;0;1;3;12;19;16;3;1;195;1;74;0;195;0;0;0;11;0;1;0;1;0;2;2;0;2;0;0;0;0;1;0;;0;0;0;0;5;0;7;0;0;1;2;0;0;0;0;0;0;0;0;0;117;0;0;0;0;1;6;0;26;0;0;0;0;3;58;0;0;16;24;20;0;0;0;0;0;23;4;76;0;7;0;0;90;0;1;1;1;0;1;3;0;0;2;1;0;0;0;0;0;0;0;1;0;1;64;0;0;2;15;0;288;1252;0;0;0;0;0;0;0;0;1;0;7;0;0
5/6/20;1;9;5;0;0;0;0;0;4;6;1;0;0;1;0;1;81;2;0;0;0;0;0;0;4;0;600;0;0;0;4;0;189;0;0;0;6;1;5;0;0;20;0;0;0;0;0;5;165;0;7;0;8;5;0;0;16;0;0;0;244;1;6;0;0;0;330;0;0;0;0;0;0;0;0;1;2;0;0;0;1;11;3;1;10;8;20;3;0;126;4;63;0;236;0;0;0;22;0;1;0;0;0;1;0;0;0;0;0;0;0;1;2;;0;0;1;0;2;0;4;0;0;1;3;0;0;0;0;0;1;0;0;0;236;1;0;0;0;1;5;0;86;1;0;1;0;7;100;0;0;14;40;18;2;0;11;0;0;24;3;95;0;9;0;4;85;0;1;0;2;0;1;3;0;0;0;1;1;0;0;0;7;0;0;2;0;0;59;0;0;0;13;0;694;2144;0;0;0;0;0;0;0;0;0;1;10;1;0
5/7/20;0;11;9;0;0;0;2;0;9;2;1;0;2;6;0;3;75;0;6;0;0;0;0;0;5;0;615;0;0;0;5;0;189;2;0;0;22;0;6;44;0;19;0;0;0;0;0;5;123;1;3;0;8;6;49;0;17;0;1;0;213;0;6;0;0;0;278;2;0;0;0;0;0;0;0;1;0;2;0;0;0;6;2;0;10;23;36;1;0;89;0;78;0;369;1;0;0;8;2;0;0;0;0;1;2;0;1;0;0;0;0;0;0;;2;2;0;0;2;0;7;0;0;2;0;0;0;0;0;0;0;0;1;0;197;1;0;0;0;0;5;0;36;0;0;0;1;8;89;0;0;21;38;17;0;0;15;0;0;31;3;86;0;9;0;4;87;2;1;0;3;0;1;1;0;0;0;1;0;0;1;0;0;0;1;3;0;0;64;0;0;0;11;0;652;2353;0;0;0;0;0;0;0;0;0;2;5;0;0
5/8/20;1;8;2;0;0;0;1;0;9;1;0;1;0;6;0;13;78;0;0;0;0;0;0;0;11;0;610;0;0;0;4;0;176;0;0;0;13;2;4;0;0;10;0;4;0;0;0;8;147;0;6;0;11;7;36;1;13;0;1;0;181;0;3;0;0;0;178;0;0;0;0;0;0;0;0;0;0;2;0;0;0;6;1;0;9;35;28;1;0;103;0;68;0;274;0;0;0;6;3;0;0;0;0;0;2;0;1;0;0;0;0;0;0;;1;2;1;0;0;0;2;0;0;1;0;0;0;0;0;0;0;0;1;0;257;0;0;0;0;4;4;0;84;0;0;0;1;7;94;0;0;27;30;22;3;0;16;0;0;18;3;88;0;10;0;3;99;0;0;1;2;0;1;5;0;0;1;0;0;0;0;0;10;0;0;4;0;1;57;0;0;3;13;0;540;2239;0;0;0;0;0;0;0;0;1;1;8;0;0
5/9/20;0;9;3;0;0;0;1;0;11;5;0;0;0;8;0;7;70;0;4;0;0;0;0;0;4;0;751;0;0;0;5;0;161;3;0;0;8;0;9;0;0;21;0;1;0;0;0;3;103;0;6;0;7;5;50;0;21;0;2;0;227;0;5;0;0;0;243;0;0;1;0;0;0;0;0;0;0;1;0;0;0;2;0;0;13;13;26;5;0;95;2;55;0;243;0;0;0;44;0;0;0;0;0;0;3;0;0;0;1;0;0;0;0;;0;0;0;0;3;0;7;0;0;1;3;0;0;0;0;0;0;0;0;0;199;0;0;0;0;2;10;0;71;4;0;0;1;6;87;0;0;11;24;21;5;0;9;0;0;22;3;98;0;10;0;7;135;0;1;0;1;0;1;0;0;0;1;1;1;0;0;0;1;1;0;0;0;1;48;0;0;0;21;0;627;1510;1;0;0;0;0;0;0;0;1;1;17;0;0
5/10/20;1;11;6;0;0;0;1;0;7;1;0;0;3;3;0;8;68;0;2;0;0;0;0;0;8;0;730;0;0;0;5;0;124;2;0;0;6;1;10;0;0;17;0;0;0;0;0;3;26;0;4;0;5;6;13;4;11;0;1;0;143;1;5;0;0;0;80;0;0;0;0;4;0;0;0;0;0;0;0;1;0;1;1;0;8;16;17;2;0;128;3;48;0;194;0;0;0;12;1;0;0;0;0;0;2;0;0;0;0;0;0;0;0;;1;1;0;0;0;0;9;0;0;1;2;0;0;0;0;0;0;0;0;0;193;1;0;0;0;1;11;0;63;0;0;0;2;6;100;0;0;8;21;9;1;0;12;0;1;28;4;104;0;10;0;5;45;0;1;0;1;0;3;4;0;0;0;1;0;0;0;0;3;0;1;8;0;0;50;0;0;0;15;0;346;1614;0;0;0;0;0;0;0;0;0;0;8;3;0
5/11/20;0;13;5;0;0;0;1;0;0;3;0;0;1;6;0;14;73;1;1;0;0;0;0;0;4;0;496;0;0;0;5;0;178;0;0;0;6;0;8;6;0;18;0;3;0;0;1;4;22;0;3;0;3;8;410;0;11;0;0;0;123;0;2;0;0;0;70;0;0;0;0;0;0;0;0;0;0;2;0;0;0;0;3;3;8;14;12;5;0;97;2;51;0;165;0;0;0;8;2;0;0;0;0;0;9;0;0;0;0;0;0;0;0;;0;0;0;0;2;0;8;1;0;0;1;0;0;0;0;0;0;0;0;0;112;0;0;0;0;1;15;0;18;4;0;0;0;7;75;0;0;15;28;15;3;0;9;0;1;26;2;88;0;7;0;6;5;0;1;0;0;0;2;3;0;0;0;0;0;0;0;0;0;1;0;0;0;0;47;0;0;0;15;0;268;734;1;0;0;0;0;0;0;0;0;1;8;0;0
5/12/20;0;3;2;0;0;0;1;0;5;2;0;0;0;5;0;11;62;1;2;0;0;0;1;0;4;0;396;0;0;0;4;0;122;3;0;1;5;0;11;11;0;16;1;0;0;0;0;2;116;0;5;0;5;5;18;1;8;0;0;0;176;0;4;0;0;0;263;1;0;1;0;0;0;0;0;0;0;0;0;0;0;8;1;1;4;18;9;6;0;87;1;45;0;179;0;0;0;22;1;0;0;0;0;2;7;0;1;0;0;0;0;0;0;;0;0;0;0;0;0;6;0;0;0;1;0;0;0;0;0;0;0;0;0;108;1;0;0;0;0;7;0;16;7;0;0;0;5;72;0;0;7;39;11;2;0;9;0;0;20;3;94;0;9;0;4;31;1;0;0;1;0;0;1;0;0;0;1;0;0;0;0;0;0;0;1;0;0;55;0;1;0;17;0;211;1156;0;0;0;0;0;0;1;0;0;1;12;0;0
5/13/20;0;2;5;0;0;0;1;0;14;3;0;0;1;4;0;11;48;1;2;1;0;0;0;0;6;0;881;0;0;0;7;0;176;6;0;0;18;0;12;0;0;14;0;1;0;0;0;1;101;0;4;0;9;8;182;0;11;0;1;0;184;0;4;0;0;0;348;0;0;0;0;0;0;0;0;0;0;1;0;0;0;5;0;2;5;16;21;2;0;122;2;48;0;172;1;0;0;25;3;0;0;0;0;1;10;0;0;0;0;0;0;0;0;;0;1;0;0;0;0;7;0;0;1;1;0;0;0;0;0;0;0;0;0;353;0;0;0;0;1;8;3;54;4;0;0;0;3;96;0;0;25;31;28;1;0;19;0;0;30;2;107;0;9;0;6;57;0;0;1;1;0;0;0;0;0;1;2;0;0;0;0;9;0;0;2;0;0;53;0;0;0;17;0;630;1703;0;0;0;0;0;0;0;0;1;2;0;0;0
5/14/20;1;3;3;0;0;0;1;0;10;1;1;0;2;4;0;19;54;0;1;1;0;0;0;0;14;0;749;0;0;0;4;0;135;0;0;0;3;3;11;11;0;16;0;1;0;0;1;7;89;0;6;0;7;7;7;0;12;0;3;0;217;0;9;0;0;0;83;0;0;0;0;2;0;0;0;3;2;2;0;0;0;2;3;0;6;21;9;4;0;134;3;50;0;195;1;0;0;19;4;0;0;0;0;1;7;0;0;0;0;0;0;0;0;;4;1;1;0;0;0;3;0;0;3;4;0;0;0;1;0;1;0;1;0;294;2;0;0;0;2;6;0;52;1;0;0;0;4;112;0;0;21;33;22;1;0;12;1;0;14;2;96;0;9;0;10;147;0;1;0;1;0;3;0;0;0;1;0;0;0;0;0;2;0;0;0;0;0;58;0;0;0;14;0;496;1746;0;1;0;0;0;0;1;0;0;1;13;0;0
5/15/20;0;2;6;0;0;0;3;0;24;2;0;0;0;3;0;14;46;0;3;0;0;0;1;0;10;0;844;0;0;0;5;0;168;0;0;4;25;0;12;3;0;16;1;0;0;0;0;3;101;0;4;0;13;7;4;1;15;0;1;0;138;0;3;0;0;0;351;1;0;1;0;0;0;0;0;0;1;0;0;0;0;10;0;2;6;15;9;1;0;100;0;71;0;262;0;0;0;23;2;2;0;0;0;0;6;0;0;0;0;0;0;0;0;0;0;0;0;0;2;0;9;0;0;0;2;0;0;0;0;0;0;0;0;0;257;1;0;0;0;1;3;0;28;3;0;0;2;4;98;0;0;18;33;22;2;0;9;0;0;30;2;93;0;10;0;1;69;0;0;0;5;0;1;1;0;1;0;3;0;0;0;0;4;0;0;6;0;0;55;0;0;0;17;0;428;1773;0;0;0;0;0;0;0;0;0;1;19;0;0
5/16/20;0;2;32;0;0;0;3;0;3;2;0;0;1;4;0;15;38;0;3;2;0;0;0;0;12;0;824;0;0;0;5;0;90;10;0;0;6;0;36;1;0;21;0;0;0;0;0;2;57;1;0;0;2;7;256;1;21;0;4;0;104;0;6;0;0;0;130;0;0;0;0;4;0;0;0;1;0;1;0;0;0;1;1;0;6;33;12;1;1;103;2;48;0;242;0;0;0;15;3;0;0;0;0;2;8;0;2;0;0;0;0;0;0;0;0;1;0;0;0;0;3;0;0;2;0;0;0;0;1;0;0;0;0;0;290;0;0;0;0;1;4;0;53;0;0;0;0;6;126;0;0;16;31;24;5;0;6;0;0;10;1;113;0;9;0;0;117;0;0;0;1;0;2;0;0;3;0;2;0;0;0;0;2;0;0;4;0;0;48;0;0;0;20;0;384;1662;0;0;0;0;0;0;0;0;0;2;9;0;0
5/17/20;2;4;0;0;0;0;5;0;7;0;0;0;0;2;0;16;28;0;6;0;0;0;0;0;1;0;816;0;0;0;4;0;117;0;0;0;7;1;27;0;1;16;2;0;1;0;0;1;33;0;5;0;0;6;94;0;20;0;2;0;87;0;4;0;0;0;88;1;0;0;0;1;0;0;0;1;0;3;0;0;0;4;0;0;3;13;15;2;0;120;4;35;0;153;0;0;0;19;5;0;0;0;0;0;11;0;0;0;0;0;0;0;0;0;1;0;0;0;2;0;10;0;0;1;2;0;0;0;0;0;0;0;0;0;278;1;0;0;0;0;5;0;27;0;1;0;2;3;130;0;0;11;39;8;0;0;13;0;1;25;3;119;0;10;0;0;28;1;0;1;2;0;0;2;0;0;0;1;0;0;0;0;2;0;0;3;0;0;41;0;0;0;21;0;480;1186;0;0;0;0;0;0;0;0;0;4;14;0;0
5/18/20;0;6;1;0;0;0;1;0;3;1;0;0;3;3;0;14;35;0;2;0;0;0;0;0;4;0;485;0;0;0;5;0;103;0;0;0;1;2;29;0;0;12;0;0;0;0;0;1;21;0;4;0;4;6;48;0;18;0;1;0;59;0;1;0;0;0;68;0;0;0;0;0;0;0;0;0;0;2;0;1;0;4;0;0;11;59;10;4;0;157;2;51;0;145;0;0;0;5;0;0;0;0;0;1;5;0;0;0;0;0;0;0;1;0;1;3;0;0;0;0;4;0;1;3;4;0;0;0;1;0;0;0;0;0;132;0;0;0;0;3;6;0;10;0;1;0;1;6;125;0;0;7;30;10;1;0;15;0;0;16;2;94;0;10;0;6;5;0;1;0;3;0;1;1;0;0;0;4;0;0;0;0;3;0;0;3;0;0;44;0;0;0;17;0;170;808;1;1;0;0;0;0;0;0;0;1;3;0;0
5/19/20;0;4;4;0;0;0;3;0;16;0;1;0;1;0;0;21;35;0;2;0;0;0;0;0;5;0;674;0;0;0;6;0;60;1;0;0;0;1;28;0;0;18;0;0;0;0;0;0;72;3;1;0;6;7;63;0;15;0;2;0;69;0;2;0;0;0;186;0;0;0;0;0;0;0;0;0;0;3;0;0;0;4;0;1;5;43;4;0;0;134;4;69;0;99;0;0;0;14;0;0;0;0;0;0;6;0;1;0;0;0;0;0;1;0;3;0;0;0;0;0;4;0;0;3;0;0;0;0;0;0;0;0;0;0;155;0;0;0;0;1;9;0;14;1;0;0;4;4;141;0;0;7;36;11;1;0;13;0;0;10;1;91;0;8;0;8;19;0;0;0;1;0;0;1;0;0;0;0;0;0;0;0;0;1;0;2;0;1;31;0;0;0;21;0;160;791;0;1;0;0;0;0;0;0;0;0;22;0;0
5/20/20;0;3;5;0;0;0;3;0;11;3;0;0;1;1;0;21;30;1;4;0;0;0;0;0;15;0;1179;0;0;0;4;0;70;0;0;0;11;0;31;0;0;21;0;0;0;0;0;5;83;0;3;0;7;6;40;0;14;0;0;0;110;0;1;0;0;0;125;1;0;0;0;2;0;0;0;2;0;5;0;2;0;1;1;1;3;30;14;5;0;140;4;62;0;162;1;0;0;8;0;0;0;0;0;0;3;0;0;0;0;0;0;0;1;0;1;2;2;0;1;0;6;0;1;2;1;0;0;0;0;0;0;0;0;0;334;1;0;0;0;0;1;0;21;0;0;0;1;2;125;0;0;6;46;12;0;0;16;0;0;19;3;115;0;9;0;0;45;0;0;0;0;0;4;2;0;2;1;1;0;0;0;0;3;0;0;0;0;1;28;0;0;0;13;0;548;1568;0;0;0;0;0;0;0;0;0;8;26;0;0
5/21/20;0;6;9;0;0;0;3;1;10;1;1;0;2;2;0;16;32;0;4;0;0;0;0;0;10;0;888;0;0;0;4;0;118;0;0;0;16;1;35;6;0;17;0;0;0;0;0;2;57;2;3;0;5;7;49;0;21;0;1;0;52;0;3;0;0;0;110;0;0;0;0;0;0;0;0;0;0;2;0;0;0;4;0;0;3;21;10;2;0;132;3;64;0;161;1;0;0;6;0;0;0;0;0;1;3;0;0;0;0;0;0;0;0;0;0;0;0;0;1;0;7;0;0;4;2;0;0;0;0;0;0;0;0;0;424;0;0;0;0;3;8;0;33;1;0;0;3;6;110;0;0;5;32;14;1;0;16;0;1;15;1;135;0;10;0;6;88;0;2;0;1;0;0;2;0;0;0;1;0;0;0;0;1;0;0;3;0;0;23;0;0;0;16;0;369;1518;0;0;0;0;0;0;0;0;0;1;27;0;0
5/22/20;0;4;6;0;0;0;4;0;13;0;0;0;1;4;0;22;29;0;5;0;0;1;0;0;16;0;1188;0;0;0;6;0;122;2;0;1;8;0;45;10;0;22;0;1;0;0;0;2;27;1;7;0;2;7;51;0;16;0;2;0;688;0;2;0;0;0;83;0;0;0;0;0;0;0;0;1;3;3;0;0;0;5;1;3;3;36;12;0;0;148;6;66;0;156;0;0;0;19;0;0;0;0;0;0;5;0;0;0;0;0;0;0;0;0;1;0;1;0;2;0;5;0;0;1;5;0;0;0;1;0;0;0;0;0;420;0;0;0;0;2;11;0;27;0;1;0;1;4;124;0;0;4;50;10;1;0;14;0;1;10;2;127;0;12;0;10;40;1;0;0;1;0;3;0;0;0;0;1;0;0;0;0;1;0;0;0;0;0;27;0;0;0;15;0;338;1263;0;0;0;0;0;0;0;0;0;4;30;0;0
5/23/20;0;4;12;0;0;0;3;0;17;2;1;0;2;2;0;24;38;0;1;0;0;0;0;0;15;0;1001;0;0;0;5;0;98;0;0;0;0;0;41;3;0;30;0;1;0;0;0;6;42;0;0;0;8;7;117;0;11;0;1;0;50;0;0;0;0;0;74;0;0;0;0;0;0;0;0;0;0;3;0;0;0;11;2;0;6;48;9;0;0;137;7;51;0;130;0;0;0;12;0;0;0;0;0;2;9;0;0;0;0;0;0;0;1;0;0;0;0;0;1;0;4;0;0;1;2;0;0;0;0;0;0;0;0;0;479;1;0;0;0;0;10;9;13;1;0;0;1;4;96;0;0;11;34;10;0;0;12;0;2;8;0;150;0;13;0;16;54;0;0;0;3;0;0;0;0;0;0;0;0;1;0;0;1;0;0;0;0;0;27;0;0;0;9;0;358;1305;0;0;0;0;0;0;0;0;0;0;28;0;0
5/24/20;0;3;11;0;0;0;4;0;12;4;1;0;3;0;0;20;24;0;0;1;0;0;0;0;10;0;965;0;0;0;4;0;105;0;1;0;4;1;43;0;0;23;0;0;0;0;0;2;31;0;0;0;2;10;40;0;28;0;2;0;74;0;0;0;0;0;43;0;0;0;0;0;0;0;0;1;2;4;0;0;0;7;0;1;4;25;12;0;0;147;5;59;0;119;0;0;0;12;0;0;0;0;0;0;10;0;0;0;0;0;0;0;2;0;2;0;0;0;1;0;5;0;0;1;1;0;0;0;1;0;0;0;0;1;190;0;0;0;0;1;0;0;23;0;0;0;4;4;129;0;0;6;32;11;1;1;13;0;2;11;1;139;0;15;0;9;67;0;0;0;1;1;2;0;0;0;0;2;0;0;0;0;1;0;0;0;0;1;32;0;0;0;17;0;283;1080;2;;0;0;0;0;0;0;0;6;10;0;0
5/25/20;0;1;2;0;0;1;6;1;7;1;0;0;0;2;0;28;34;0;4;1;0;0;0;0;10;0;653;0;0;0;5;0;69;4;0;0;0;0;45;6;0;22;0;1;0;0;0;1;10;0;1;0;0;8;12;0;29;0;0;0;-1918;0;1;0;0;0;35;0;0;0;0;1;0;0;0;0;0;3;0;0;0;6;0;1;5;21;2;1;0;154;8;58;0;50;0;0;0;10;1;2;0;0;0;1;8;0;0;0;0;0;0;0;0;0;0;1;0;0;1;0;8;0;0;0;2;0;0;0;0;0;0;0;0;0;215;0;0;0;0;0;5;0;11;0;0;0;1;7;83;0;0;5;34;3;0;0;14;0;2;9;0;153;0;11;0;0;6;0;0;0;1;0;0;0;0;0;1;0;0;0;0;0;0;0;1;0;0;0;32;0;0;0;12;0;441;633;0;0;0;0;0;0;0;0;0;3;22;0;0
5/26/20;0;3;1;0;0;0;4;0;15;1;0;0;2;2;0;21;24;0;0;0;0;0;0;0;11;0;807;0;0;0;5;0;121;0;0;1;0;0;43;6;0;23;0;0;0;0;0;2;45;4;1;0;2;9;95;0;19;0;1;0;283;0;1;0;0;0;65;2;0;0;0;0;0;0;0;0;0;1;0;0;1;2;1;4;8;19;0;1;0;146;3;34;0;92;0;0;0;16;1;0;0;0;0;2;9;0;0;0;0;0;0;1;0;0;0;0;0;0;1;0;11;0;0;0;2;0;0;0;0;0;0;0;0;0;239;0;1;0;0;1;7;0;8;0;1;0;0;4;173;0;0;5;30;11;2;0;14;0;3;18;1;92;0;9;0;19;31;0;0;0;2;0;1;5;0;2;2;1;0;0;0;0;1;1;0;2;0;0;29;0;0;0;6;0;122;500;0;0;0;0;0;0;0;0;1;3;52;0;0
5/27/20;0;5;1;0;0;1;7;0;17;2;0;0;1;4;0;21;40;1;3;0;0;0;0;0;13;0;1039;0;0;0;4;0;94;0;0;2;6;0;45;4;0;26;0;0;1;0;0;0;47;0;0;0;8;8;0;0;14;0;1;0;1;1;4;0;0;0;98;0;0;0;0;2;0;0;0;0;0;4;0;0;0;6;1;2;6;27;9;0;0;170;6;57;0;78;0;0;0;12;0;0;0;0;0;0;7;0;2;0;0;0;0;0;0;0;2;0;0;0;2;0;6;0;0;3;3;0;0;0;3;0;0;0;1;0;501;0;0;0;0;1;16;18;26;0;0;0;0;3;159;0;0;13;28;17;0;0;12;0;2;13;0;174;0;12;0;5;96;0;0;0;2;0;1;1;0;0;1;0;0;0;0;0;1;0;0;0;0;0;28;0;0;0;21;0;136;696;0;1;0;0;1;0;0;0;0;4;43;0;0
5/28/20;0;2;7;0;0;0;15;0;16;2;0;0;2;1;0;22;24;0;0;1;0;0;0;1;6;0;1086;0;0;0;6;0;126;1;0;0;0;1;35;2;0;27;0;0;0;0;0;0;62;4;2;0;6;6;72;0;19;0;0;0;1;0;1;0;0;0;66;0;0;0;0;0;0;0;0;1;0;5;0;1;0;6;0;1;4;55;16;0;0;194;6;56;0;117;0;0;0;0;3;0;0;1;0;0;3;0;0;0;0;0;0;0;1;0;1;0;1;1;0;0;7;0;0;3;0;0;0;0;7;0;1;0;0;0;463;0;0;0;0;1;5;0;15;0;0;1;1;2;195;0;0;18;35;4;0;0;14;0;2;9;1;161;0;14;0;14;95;0;1;0;1;0;2;0;0;0;0;3;0;0;0;0;2;0;0;0;0;0;34;0;0;0;14;0;443;1526;0;0;0;0;0;0;0;0;0;4;28;0;0
5/29/20;0;3;8;0;0;0;7;0;8;23;0;0;2;2;0;15;22;0;3;0;0;0;0;0;13;0;1156;0;0;0;5;0;112;1;0;0;7;1;49;0;0;19;0;0;0;0;0;2;39;2;3;0;11;7;38;0;29;0;2;0;2;1;0;0;0;0;66;0;0;0;0;0;0;0;0;1;0;12;0;0;0;2;1;1;8;23;8;3;0;175;4;63;0;70;0;0;0;16;3;0;0;0;0;0;10;0;0;0;0;0;0;0;0;0;2;0;1;1;0;0;8;0;0;3;2;0;0;0;0;0;0;0;0;0;447;0;1;0;0;0;5;0;32;1;1;0;2;5;116;0;0;17;57;10;2;0;13;0;3;10;1;174;0;16;0;11;46;0;1;0;0;0;2;5;0;0;0;0;0;0;0;0;1;0;0;1;0;0;30;0;0;0;11;0;416;1175;0;0;0;0;0;0;0;0;0;4;25;0;0
5/30/20;0;2;11;0;0;0;7;0;12;0;0;0;2;0;0;23;13;0;3;0;0;0;0;0;7;0;1124;0;0;0;5;0;102;0;0;0;2;0;54;0;0;31;0;0;0;0;0;0;39;0;0;0;3;8;21;0;34;1;0;0;4;1;1;0;0;0;52;1;0;0;0;0;0;0;0;0;0;10;0;1;0;3;1;0;0;24;6;0;0;265;6;50;0;87;0;0;0;12;4;0;0;0;0;0;9;0;0;0;0;0;0;0;0;0;0;0;0;0;0;0;6;0;3;4;1;0;0;0;4;0;0;0;0;0;371;0;0;0;0;0;2;0;28;0;1;0;0;6;131;0;0;21;78;13;1;0;14;0;3;11;1;232;0;17;0;38;84;0;0;0;0;0;0;0;0;2;0;4;0;0;0;0;0;0;0;0;0;0;28;0;0;0;10;0;373;1219;0;0;0;0;3;0;0;0;0;9;34;0;0
5/31/20;0;2;3;0;0;0;4;0;8;0;0;0;3;0;0;28;25;0;1;2;0;0;0;0;10;0;956;0;0;0;5;0;94;0;0;0;0;1;53;14;0;37;0;1;0;0;0;0;11;2;3;0;10;8;0;0;34;0;0;0;2;0;2;0;0;0;57;2;0;0;0;1;0;0;0;1;0;12;0;0;1;2;0;6;7;53;5;0;0;193;10;57;0;111;0;0;0;5;1;0;0;0;0;1;11;0;1;0;0;0;0;0;0;0;2;0;0;0;2;0;3;0;1;5;3;0;0;0;1;0;0;0;0;0;364;0;0;0;0;0;12;0;20;0;0;0;2;4;141;0;0;8;88;10;1;0;13;0;0;13;0;181;1;22;0;29;45;0;0;0;1;0;1;1;0;0;0;3;0;0;0;0;0;0;0;0;0;0;26;0;0;0;17;0;230;945;0;0;0;0;0;0;0;0;0;11;32;0;0
6/1/20;0;2;8;0;0;0;8;0;11;0;0;0;2;0;0;40;19;0;0;2;0;0;0;0;3;0;480;0;0;0;6;0;222;2;1;1;0;0;57;0;0;49;0;0;0;0;0;1;11;2;3;0;4;7;24;0;46;0;0;0;0;3;4;0;0;0;31;0;0;0;0;1;0;0;0;0;0;6;0;0;0;11;0;3;2;40;0;1;0;230;10;63;0;75;0;0;0;1;1;0;0;0;0;1;7;0;3;0;1;0;0;0;0;0;0;0;0;0;1;0;4;0;0;2;1;0;0;0;2;0;0;0;0;0;151;0;0;0;0;0;14;0;5;0;2;0;5;6;135;0;0;7;60;3;3;0;14;0;2;9;1;138;0;23;0;24;0;0;0;0;0;0;0;5;0;0;0;0;0;0;0;0;0;0;0;0;0;0;25;0;0;0;12;0;115;602;0;1;0;0;0;0;0;0;0;3;40;0;0
6/2/20;0;2;8;0;0;0;19;0;17;0;0;0;5;1;0;22;22;0;4;0;0;0;0;0;30;0;623;0;0;0;5;0;31;1;2;0;0;0;59;8;0;30;0;0;0;0;0;1;11;0;2;0;0;8;36;0;46;0;4;0;0;1;0;0;0;0;31;0;0;0;0;0;0;0;0;0;0;8;0;0;0;5;0;1;6;28;0;2;0;204;10;81;0;60;0;0;0;2;5;1;0;0;0;1;8;0;0;0;0;0;0;1;0;0;0;0;0;0;0;0;12;0;0;7;1;0;0;0;0;0;2;0;1;0;237;0;0;0;0;1;12;0;6;0;0;0;3;8;128;0;0;3;78;10;0;0;14;0;2;17;1;162;0;22;0;12;8;1;0;0;0;0;0;1;0;0;0;0;0;1;1;0;1;0;0;0;0;0;23;0;0;0;10;0;111;764;1;0;0;0;3;0;0;0;0;4;22;0;0
6/3/20;0;3;5;0;0;0;12;0;13;1;0;0;3;3;0;37;20;0;0;0;0;0;0;0;33;0;1262;0;0;0;3;0;69;0;0;0;0;0;75;1;0;40;0;0;1;0;0;2;29;1;4;0;13;6;44;0;47;0;0;0;1;2;0;0;0;0;107;3;0;1;0;2;0;0;0;0;0;7;0;0;0;8;0;3;2;22;8;3;0;217;20;64;0;55;1;0;0;6;2;3;0;0;0;1;6;0;3;0;0;0;0;0;1;0;1;0;0;0;1;0;0;0;0;1;0;0;0;0;8;0;0;0;1;0;470;0;0;0;0;0;15;11;5;1;0;0;9;8;0;0;0;6;67;18;2;0;12;0;3;0;1;182;1;24;0;9;65;0;0;0;0;0;1;0;0;0;0;3;0;1;0;0;0;0;1;0;0;0;22;0;0;0;9;0;326;1034;0;0;0;0;1;0;0;0;0;3;50;0;0
6/4/20;0;1;24;0;0;0;6;0;14;1;0;0;5;0;0;37;20;0;3;1;0;0;0;0;24;0;1349;0;0;0;5;0;103;3;0;0;3;0;87;0;0;36;0;0;0;0;0;1;30;1;0;0;1;0;48;0;36;0;0;0;5;3;1;0;0;0;81;0;0;0;0;0;0;0;0;0;0;20;0;0;0;9;0;2;0;35;1;1;0;260;21;70;0;71;0;0;0;3;3;0;0;0;0;0;4;0;4;0;0;0;0;0;0;0;0;0;0;0;0;0;3;0;0;4;0;0;0;0;0;0;0;0;0;0;1091;0;0;0;0;0;1;0;10;0;1;0;8;5;260;0;0;8;82;23;2;0;11;0;2;9;0;178;0;30;0;0;74;0;0;0;1;0;2;0;0;0;0;2;0;0;0;0;0;0;0;0;0;1;24;0;0;0;8;0;365;994;0;1;0;0;2;0;0;0;0;1;37;0;0
6/5/20;0;3;6;0;0;0;7;0;5;0;0;0;2;2;0;35;14;0;0;1;0;0;0;0;15;0;1473;0;0;0;5;0;139;3;0;0;0;2;81;3;0;42;0;0;0;0;0;2;32;0;2;0;4;14;0;0;38;0;1;0;1;1;1;0;0;0;44;1;0;0;0;0;0;0;0;0;0;15;0;1;0;9;0;0;5;23;5;0;0;273;15;59;0;88;0;1;0;4;4;2;0;0;0;0;6;0;4;0;1;0;0;0;0;0;0;0;1;0;2;0;5;0;1;2;7;0;0;0;8;0;0;0;0;0;817;0;0;0;0;0;8;0;13;1;1;0;0;6;137;0;0;10;68;2;0;0;8;0;0;11;1;169;0;32;0;7;20;0;0;0;0;0;0;0;0;4;0;1;0;0;0;0;0;0;0;1;0;0;21;0;0;0;12;0;177;1036;0;0;0;0;0;0;0;0;0;15;56;0;0
6/6/20;0;1;9;0;0;0;7;0;44;2;0;0;4;0;0;30;12;0;13;2;0;0;0;0;12;0;1005;0;0;0;6;0;66;3;0;0;0;1;92;0;0;58;0;0;0;0;0;1;33;0;4;0;5;9;48;0;40;0;0;0;1;1;0;0;0;0;46;0;0;0;0;4;0;0;0;0;0;58;0;3;0;5;0;0;3;49;6;1;0;294;14;63;0;85;0;0;0;7;1;0;0;0;0;0;8;0;0;0;0;0;0;0;2;0;0;0;0;0;0;0;8;0;0;2;2;0;0;0;4;0;0;0;0;0;625;1;0;0;0;0;10;0;15;0;1;0;5;7;131;0;0;3;97;20;1;0;10;0;4;9;1;144;0;31;0;19;77;0;0;0;0;0;0;0;0;0;0;1;0;0;0;0;2;0;0;0;0;0;18;0;0;0;15;0;358;932;0;0;0;0;0;0;0;0;0;8;60;0;0
6/7/20;0;1;18;0;0;1;10;0;16;0;0;0;2;0;0;35;11;0;0;1;0;1;0;0;27;0;904;0;0;0;4;0;70;0;1;2;1;0;93;0;0;60;0;0;0;0;1;0;22;0;1;0;11;8;74;0;32;0;0;0;1;1;0;0;0;0;31;0;0;0;0;2;0;0;0;0;0;14;0;0;0;2;1;0;0;31;0;5;0;287;33;75;0;72;0;0;0;2;4;0;0;0;0;0;10;0;1;0;1;0;0;0;0;0;0;0;0;0;0;0;8;0;1;2;3;0;0;0;0;0;0;0;0;0;341;1;0;0;0;0;9;0;6;0;0;0;0;16;139;0;0;7;67;16;1;0;9;0;2;10;1;197;0;34;0;14;17;1;0;0;1;0;2;3;0;0;0;0;0;0;0;0;1;0;0;0;0;0;21;0;0;0;15;0;207;659;0;1;0;0;2;0;0;0;0;1;44;0;0
6/8/20;0;1;30;0;0;0;11;0;16;0;0;0;4;1;0;42;12;0;0;2;0;0;0;0;11;0;525;0;0;0;6;0;27;4;0;0;0;0;649;0;0;54;0;0;0;0;0;0;6;2;2;0;2;9;13;0;39;0;0;0;0;7;1;0;0;0;13;0;0;0;0;0;0;0;0;0;0;22;0;0;0;8;0;1;0;50;9;1;0;206;28;72;0;53;0;0;0;0;1;1;0;0;0;0;10;0;3;0;1;0;0;0;0;0;0;0;0;0;0;0;10;0;1;2;2;0;0;0;0;0;0;0;1;0;188;0;0;0;0;0;12;0;2;0;2;0;3;7;164;0;0;9;65;4;0;0;5;0;3;8;1;134;0;36;0;12;3;0;0;0;0;0;2;1;0;0;0;2;0;0;0;0;0;0;0;0;0;0;23;0;0;0;11;0;77;712;0;0;0;0;0;0;0;0;1;0;46;0;0
6/9/20;0;5;12;0;0;0;6;0;29;0;0;0;5;0;0;42;9;0;4;1;0;0;0;0;10;0;679;0;0;0;7;0;35;2;0;0;0;2;74;5;0;49;0;0;0;0;0;1;37;3;4;0;1;8;21;0;34;0;2;0;0;0;0;0;0;0;54;0;0;0;0;4;0;0;0;0;0;15;0;0;0;4;0;3;6;32;4;0;0;331;24;70;0;65;0;0;0;0;1;1;0;0;0;1;5;0;2;0;0;0;0;0;0;0;0;0;1;0;0;0;12;0;0;3;0;0;0;0;0;0;0;0;0;0;354;0;0;0;0;0;7;0;3;1;1;0;6;5;106;0;0;8;105;9;0;0;6;0;3;8;1;112;0;34;0;13;35;0;0;0;1;0;3;1;1;5;0;3;0;0;0;0;1;0;0;0;0;0;19;0;0;0;9;0;55;493;0;1;0;0;0;0;0;0;0;0;82;3;0
6/10/20;0;2;15;0;0;0;10;0;24;0;0;0;5;0;0;45;12;0;3;2;0;0;0;0;12;0;1272;0;0;0;6;0;62;2;0;2;2;0;19;0;0;64;1;0;0;0;0;0;18;3;0;0;5;9;48;0;35;0;1;0;0;5;1;0;0;0;87;0;0;0;0;0;0;0;0;0;0;22;0;0;0;9;2;2;2;40;8;1;0;279;22;74;0;79;0;0;0;3;3;2;0;0;0;2;4;0;3;0;0;0;0;0;1;0;1;0;0;0;2;0;12;0;0;1;2;0;0;0;18;0;0;0;0;0;596;0;0;0;0;0;4;0;15;0;1;0;2;5;167;0;0;6;83;17;0;0;7;0;5;11;0;170;0;37;0;0;23;0;0;0;1;0;0;1;0;0;0;2;0;0;0;0;1;0;0;0;0;0;18;0;0;0;13;0;289;999;0;0;0;0;1;0;0;0;0;15;82;0;0
6/11/20;0;1;21;0;0;0;18;0;18;1;0;0;4;1;0;37;12;0;0;3;0;0;0;0;25;0;1274;0;0;0;6;0;63;6;1;1;12;3;192;6;0;61;1;0;0;0;0;0;26;0;0;0;6;8;30;0;36;0;0;0;0;3;0;0;0;0;23;1;0;0;0;0;0;0;0;0;0;27;0;0;0;19;0;2;1;36;4;0;0;357;34;81;0;71;0;0;0;1;1;0;0;0;0;0;2;0;6;0;0;0;0;0;0;0;2;0;0;0;0;0;6;0;1;7;2;0;0;0;0;0;0;0;0;0;708;1;0;0;0;0;17;9;11;0;0;0;1;10;165;0;0;10;101;23;1;0;3;0;4;15;1;217;0;36;0;17;78;0;1;0;0;0;2;0;0;0;0;4;0;0;0;0;1;0;0;0;0;0;17;0;0;0;23;0;250;918;0;1;0;0;0;0;0;0;0;2;48;0;0
6/12/20;0;2;21;0;0;1;13;1;30;1;0;0;6;0;0;37;7;0;1;2;0;0;0;0;21;0;1239;0;0;0;5;0;34;2;1;0;0;0;173;0;0;0;0;1;1;0;0;1;8;3;0;0;11;9;0;0;35;0;0;0;0;5;1;0;0;0;27;1;0;0;0;0;0;0;0;0;0;18;0;0;0;4;0;6;2;41;8;1;0;396;31;78;0;53;0;0;0;2;3;0;0;0;0;1;4;0;0;0;1;0;0;0;0;0;0;0;0;0;1;0;4;0;0;5;1;0;0;0;0;0;0;0;0;0;587;0;0;0;0;0;5;0;2;3;0;0;5;5;206;0;0;9;107;9;1;0;9;0;3;9;1;174;0;38;0;24;19;0;0;0;0;0;2;0;0;0;0;4;0;0;0;0;0;0;0;1;0;0;17;0;0;0;21;0;152;896;0;0;0;0;0;0;0;0;0;7;79;0;0
6/13/20;0;1;20;0;0;1;6;0;20;1;0;0;5;2;0;46;10;0;4;2;0;1;0;0;26;0;909;0;0;0;5;0;55;3;0;0;2;4;222;59;0;112;0;0;0;0;0;0;18;1;1;0;7;10;108;0;45;0;0;0;0;7;0;0;0;0;28;0;0;0;0;0;0;0;0;1;0;17;0;0;0;12;1;0;2;48;2;0;0;386;39;75;0;56;0;0;0;2;4;1;0;0;0;0;6;0;3;0;0;0;0;0;1;0;0;0;1;1;1;0;10;0;0;2;4;0;0;0;13;0;0;0;0;0;504;1;0;0;0;0;12;0;9;0;1;0;7;3;199;0;0;16;88;7;2;0;1;0;1;11;0;183;0;36;0;20;40;0;0;0;1;0;0;0;1;3;0;4;0;0;0;0;0;0;0;0;0;0;15;0;0;0;16;0;204;849;0;0;0;0;0;0;0;0;0;3;65;0;0
6/14/20;0;1;5;0;0;0;5;1;30;2;0;0;2;1;0;44;5;0;0;3;0;1;0;0;26;0;892;0;0;0;5;0;58;5;0;0;0;0;231;2;0;47;0;0;0;0;0;0;6;3;3;0;9;9;46;0;62;0;0;0;0;8;0;0;0;0;24;0;0;1;0;3;0;0;0;1;0;16;0;3;0;4;0;6;4;43;0;0;0;311;53;71;0;78;0;0;0;1;4;0;0;0;0;0;4;0;3;0;1;0;0;0;0;0;1;0;1;2;0;0;13;0;0;8;3;0;0;0;0;0;0;0;0;1;424;1;0;0;0;1;8;0;4;0;2;0;3;8;190;0;0;22;81;15;0;0;7;0;0;11;1;114;0;39;0;0;20;1;0;0;0;0;4;2;0;5;0;0;0;0;0;0;0;0;0;1;0;0;14;0;0;0;10;0;183;767;0;0;0;0;1;0;0;0;1;21;69;0;0
6/15/20;0;1;20;0;0;0;16;0;18;0;0;0;4;0;0;32;3;0;2;4;0;1;0;0;26;0;612;0;0;0;5;0;39;1;0;0;0;0;222;1;0;75;0;0;0;0;0;0;4;2;0;0;15;7;22;0;91;0;0;0;0;2;1;0;0;0;9;0;0;0;0;3;0;0;0;0;0;17;0;0;0;2;0;3;4;43;1;2;0;325;58;107;0;44;0;0;0;0;3;0;0;0;0;0;7;0;4;0;0;0;0;0;0;0;0;0;0;0;0;0;8;0;0;9;0;0;0;0;13;0;0;0;0;1;269;1;1;0;0;0;13;0;2;0;1;0;5;8;190;0;0;14;97;10;1;0;5;0;3;19;1;119;0;40;0;26;0;0;0;0;0;0;0;1;0;0;0;2;0;0;1;0;1;0;0;0;0;0;15;0;0;0;9;0;36;296;0;0;0;0;1;0;0;0;1;4;57;1;0
6/16/20;0;2;7;0;0;0;8;0;21;1;0;0;3;1;0;38;8;0;2;3;0;2;0;0;21;0;627;0;0;0;4;0;29;6;3;2;0;1;39;0;0;59;0;0;1;0;0;1;9;0;1;0;13;10;33;0;97;0;1;0;0;3;0;0;0;0;29;4;0;0;0;0;0;0;0;1;0;15;0;0;0;10;0;3;2;64;0;0;0;380;45;113;0;26;0;0;0;2;1;1;0;0;0;1;2;0;4;0;0;0;0;0;1;0;1;0;0;2;0;0;5;0;0;5;0;0;0;0;4;0;0;0;0;0;439;0;0;0;0;0;4;0;6;0;0;0;4;11;172;0;0;10;110;9;0;0;3;1;3;17;1;143;0;39;0;0;17;0;0;0;0;0;4;0;2;3;0;2;0;0;0;0;0;0;0;0;0;0;18;0;0;0;12;0;38;395;0;0;0;0;1;0;0;0;0;44;88;0;0
6/17/20;1;2;13;0;0;1;9;0;24;3;0;0;4;3;0;53;7;0;5;1;0;0;0;1;27;0;1282;0;0;0;6;0;38;0;4;0;1;0;21;0;0;75;0;0;0;0;0;1;30;0;0;0;10;11;41;0;94;0;1;0;0;1;0;0;0;0;111;2;0;0;0;4;0;0;0;0;0;19;0;0;0;8;0;4;2;33;3;1;0;2003;60;115;0;34;0;0;0;4;1;2;0;1;0;1;5;0;7;0;0;0;0;0;0;0;0;0;0;0;0;0;12;0;2;8;2;0;0;0;2;0;0;0;0;0;730;0;1;0;0;0;31;9;5;0;0;0;6;9;196;0;0;5;136;16;0;0;2;1;4;10;1;193;0;41;0;18;48;0;0;0;0;0;6;0;1;0;0;2;0;0;0;0;1;0;0;0;0;0;17;0;0;0;11;0;236;836;1;0;0;0;1;0;0;0;1;7;57;0;0
6/18/20;0;2;13;0;0;1;7;1;35;6;0;0;7;0;0;43;7;0;3;2;0;0;0;0;20;0;1269;0;0;0;6;0;41;3;4;0;0;2;232;0;0;63;0;0;0;0;0;2;26;0;0;0;18;11;37;0;84;0;2;0;0;2;0;0;0;0;28;1;0;0;0;8;0;0;0;0;0;14;0;0;0;6;0;2;1;45;1;0;0;334;61;120;0;43;0;0;0;4;2;1;0;0;0;1;3;0;12;0;0;0;0;0;0;0;0;0;2;0;1;0;10;0;0;9;1;0;0;0;0;0;0;0;0;0;770;0;0;0;0;1;14;0;4;1;1;0;2;13;201;0;0;5;118;14;0;0;1;0;2;14;1;194;0;39;0;10;102;0;0;0;0;0;3;0;0;1;0;4;0;1;0;0;0;0;0;1;0;1;19;0;0;0;31;0;184;754;0;0;0;0;;0;0;0;0;29;49;0;0
6/19/20;0;3;42;0;0;1;10;0;16;1;0;0;6;0;0;38;5;0;6;6;0;2;0;0;18;0;1238;0;0;0;7;0;46;2;1;0;0;0;226;6;0;86;0;1;0;0;1;1;16;0;2;0;2;12;80;0;88;0;1;0;1179;2;0;0;0;0;28;2;0;0;0;0;0;0;0;0;0;17;0;0;0;7;0;2;0;63;4;0;0;336;83;87;0;66;0;0;0;0;10;1;0;2;0;0;2;0;5;0;0;0;0;0;0;0;0;0;0;0;0;0;11;0;1;6;0;0;0;0;2;0;0;0;0;2;667;0;0;0;0;0;6;0;4;1;2;0;3;5;204;0;0;8;136;30;0;0;1;0;4;22;1;312;0;48;0;0;12;0;0;0;0;0;3;0;1;0;0;4;0;0;0;0;0;0;0;0;0;0;21;0;0;0;23;0;137;717;0;0;0;0;1;0;0;0;0;4;63;0;0
6/20/20;0;2;2;0;0;3;13;1;50;0;0;0;4;1;0;45;4;0;3;2;0;0;0;0;18;0;1206;0;0;0;2;0;46;4;0;0;0;1;252;18;0;95;0;0;1;0;0;1;10;2;0;0;12;14;69;0;79;0;1;0;7;7;0;0;0;0;14;2;0;0;0;4;0;0;0;1;20;34;0;0;0;6;0;3;2;34;0;1;0;375;69;120;0;47;1;0;0;17;2;3;0;0;0;0;5;0;8;0;0;0;0;0;0;0;0;0;0;0;0;0;6;0;0;6;1;0;0;0;0;0;0;0;0;0;647;0;0;0;0;0;12;0;3;0;0;0;6;10;199;0;0;14;153;18;0;0;3;0;7;11;1;182;0;45;0;19;0;0;0;0;2;0;3;0;1;0;0;7;0;0;0;0;0;0;0;0;0;0;23;0;0;0;19;0;173;678;0;0;0;0;2;0;0;0;0;3;94;0;0
6/21/20;0;1;21;0;0;1;18;0;13;0;0;0;5;1;0;37;3;0;6;3;0;0;0;0;25;0;1022;0;0;0;10;0;64;3;4;1;0;0;202;0;1;81;0;0;0;0;0;1;0;0;0;0;8;12;43;0;89;0;1;0;1;0;0;0;0;0;16;0;0;0;0;15;0;0;1;0;0;31;0;2;0;9;0;1;0;56;1;1;0;306;88;115;0;49;0;0;0;0;2;2;0;0;0;0;6;0;5;0;0;0;0;0;0;0;0;0;0;0;0;0;14;0;0;11;1;0;0;0;13;0;0;0;0;0;387;0;0;0;0;0;19;0;8;0;0;0;3;8;201;0;0;20;119;12;0;0;1;0;1;16;1;30;0;46;0;15;0;0;0;0;0;0;3;0;0;3;0;5;0;0;1;0;0;0;0;1;0;0;22;0;0;0;9;0;130;607;1;0;0;0;3;0;0;0;1;3;46;0;2
6/22/20;0;1;12;0;0;1;10;1;19;2;0;0;6;0;0;39;9;0;0;3;0;2;0;0;33;0;641;0;0;0;3;0;20;6;0;0;2;2;184;1;0;111;0;0;0;0;0;0;3;0;0;0;7;8;24;0;87;0;0;0;1;2;0;0;0;0;7;0;0;0;0;0;0;0;0;0;0;17;0;0;0;5;0;0;2;36;0;1;0;445;87;116;0;24;0;0;0;1;2;3;0;0;0;0;7;0;2;0;0;0;0;0;1;0;0;0;0;0;1;0;9;0;1;5;2;0;0;0;0;0;0;0;0;3;1044;0;1;0;0;0;12;0;1;0;1;0;3;8;184;0;0;19;89;10;2;0;2;0;4;12;1;109;0;37;0;0;0;0;0;0;2;0;2;2;0;0;0;9;0;0;0;0;0;0;0;0;0;0;23;0;0;0;8;0;43;256;0;0;0;0;0;0;0;0;1;2;53;0;0
6/23/20;0;1;17;0;0;0;12;0;32;0;0;0;7;1;0;38;12;0;8;2;0;0;0;0;47;0;654;0;0;0;5;0;6;5;7;9;0;3;23;2;0;73;0;0;0;0;0;0;10;3;2;0;7;7;0;0;85;0;0;0;1;1;1;0;0;0;23;5;0;0;0;0;0;0;0;0;0;16;0;2;0;32;0;0;1;35;2;1;0;312;67;119;0;23;0;0;0;2;2;1;0;0;0;1;4;0;7;0;0;0;0;0;0;0;0;0;0;0;0;0;7;0;1;9;0;0;0;0;3;0;0;0;0;0;759;0;0;0;0;0;7;0;0;4;0;0;6;20;0;0;0;8;105;3;0;0;4;0;1;11;1;95;0;40;0;12;69;0;0;0;0;0;2;0;0;0;0;0;0;0;1;0;0;0;0;0;0;0;24;0;0;0;10;0;15;427;0;0;0;0;2;0;0;0;1;1;61;0;0
6/24/20;0;2;20;0;0;1;14;1;6;3;0;0;6;1;0;43;4;0;1;2;0;0;0;0;26;0;1374;0;0;0;6;0;18;0;7;0;0;4;3;5;1;94;0;0;0;0;0;3;19;1;1;0;6;9;51;0;87;0;0;0;2;0;0;0;0;0;57;0;0;0;0;10;0;0;0;2;0;35;0;0;0;10;0;1;0;35;3;1;0;465;84;121;0;18;0;0;0;8;3;1;0;2;0;0;4;0;7;0;0;0;0;0;0;0;1;0;0;7;0;0;10;0;0;4;0;0;0;0;0;0;0;0;0;0;793;0;0;0;0;0;8;10;5;0;0;0;3;15;359;0;0;9;60;16;0;0;6;0;0;16;1;153;0;39;0;15;39;0;2;0;0;0;3;0;1;1;0;6;0;0;1;0;0;0;0;0;0;0;27;0;0;0;23;0;171;826;0;0;0;0;0;0;0;0;1;4;111;7;0
6/25/20;0;2;21;0;0;2;11;0;36;0;1;0;7;1;0;37;3;0;1;2;0;0;0;0;30;0;1185;0;0;0;5;0;30;0;1;0;2;0;226;5;0;87;0;0;0;0;0;4;13;3;0;0;16;8;35;0;85;0;0;0;3;3;0;0;0;0;11;0;0;0;0;0;0;0;0;0;0;19;0;0;0;12;0;3;3;38;6;0;0;418;79;133;0;-31;0;0;0;5;2;1;0;0;0;1;3;0;2;0;1;0;0;0;0;0;1;0;0;1;2;0;5;0;1;8;1;0;0;0;3;0;0;0;0;0;965;0;0;0;0;0;9;0;2;1;0;0;2;11;182;0;0;18;148;21;0;0;3;0;5;16;0;154;0;41;0;0;48;0;0;0;1;0;4;0;1;1;1;13;0;0;0;0;0;1;0;0;0;0;24;0;0;0;16;0;154;751;1;0;0;0;3;0;0;0;2;13;103;0;0
6/26/20;0;1;36;0;0;2;13;0;39;5;1;0;6;2;0;39;5;0;2;2;0;1;0;0;37;0;1141;0;0;0;5;0;20;7;2;1;0;0;172;0;1;163;0;0;0;0;0;2;21;0;0;0;7;9;34;0;83;0;1;0;8;3;0;0;0;0;21;1;0;0;0;0;0;0;0;0;0;22;0;0;0;9;0;4;1;47;1;1;0;407;107;134;0;34;0;0;0;1;2;0;0;0;0;0;2;0;11;0;0;0;0;0;0;0;0;0;0;0;1;0;7;0;0;6;1;0;0;0;5;0;0;0;0;1;718;0;0;0;0;0;7;0;3;0;3;0;2;17;175;0;0;8;59;16;2;0;6;0;2;10;1;92;0;41;0;8;21;0;0;0;0;0;1;0;0;0;0;7;0;0;1;0;0;0;0;0;0;0;21;0;0;0;16;0;149;2437;0;1;0;0;1;0;0;0;2;14;87;0;0
6/27/20;0;2;8;0;0;2;10;0;43;0;0;0;7;3;0;40;2;0;4;7;0;0;0;0;21;0;990;0;0;0;6;0;4;7;0;0;0;2;165;0;0;157;0;0;2;0;0;0;6;0;1;0;14;7;63;0;87;0;0;0;3;8;1;0;0;0;26;0;0;0;0;8;0;0;0;0;0;49;0;0;0;45;0;2;1;63;3;5;0;384;122;0;0;30;0;0;0;2;5;3;0;0;0;0;2;0;3;0;0;0;0;0;0;0;0;0;0;0;1;0;13;0;0;3;0;0;0;0;0;0;0;0;0;1;719;0;0;0;0;0;5;0;3;0;1;0;9;11;178;0;0;12;73;17;0;0;6;0;3;14;1;176;0;46;0;16;50;0;0;0;3;0;4;0;0;0;0;10;0;1;0;0;0;0;0;0;0;0;19;0;0;0;19;0;184;623;0;0;0;0;2;0;0;0;2;5;48;3;0
6/28/20;0;1;20;0;0;2;6;0;40;2;0;0;6;2;0;34;8;0;1;0;0;0;0;0;36;0;1109;0;0;0;4;0;8;0;5;2;0;4;279;0;0;128;0;1;2;0;0;2;3;0;0;0;6;7;18;0;88;0;0;0;2;5;0;0;0;0;0;0;0;1;0;0;0;0;0;1;0;34;0;2;0;8;0;2;0;37;4;3;0;410;101;234;0;8;0;0;0;0;4;1;0;0;0;0;3;0;23;0;0;0;0;0;0;0;0;0;0;0;2;0;6;0;0;9;0;0;0;0;1;0;0;0;0;0;602;0;0;0;0;0;4;0;2;0;0;0;6;17;196;0;0;12;83;6;1;1;6;2;1;10;2;188;0;37;0;0;0;0;0;0;0;0;4;0;0;0;0;9;0;1;0;0;0;0;0;0;0;0;17;0;0;0;24;0;100;500;0;0;0;0;1;0;0;0;4;3;73;0;0
6/29/20;0;2;18;0;0;2;7;1;10;2;0;0;5;3;0;43;5;0;3;5;0;2;0;0;44;0;552;0;0;0;6;0;6;8;0;0;0;2;162;0;0;167;3;0;0;0;0;1;4;0;0;0;8;5;5;0;81;0;0;0;3;4;0;0;0;0;0;0;0;0;0;9;0;0;0;1;0;21;0;0;0;0;0;4;3;34;1;1;0;380;96;144;0;22;0;0;0;1;2;3;0;0;0;0;4;0;10;0;1;0;0;0;0;0;0;0;0;3;1;0;9;2;2;9;1;0;0;0;0;0;0;0;0;0;267;0;0;0;0;0;7;0;0;0;1;0;4;12;182;0;0;8;49;3;1;1;3;0;0;23;3;104;0;40;0;0;0;0;0;0;1;0;3;0;1;0;0;12;0;0;3;0;0;0;0;0;0;0;15;0;0;0;19;0;36;265;1;2;0;0;2;0;0;0;1;6;43;1;0
6/30/20;0;1;12;0;0;3;10;0;63;1;0;0;8;1;0;45;3;0;4;1;0;3;0;0;57;0;692;0;0;0;4;0;44;10;2;0;0;0;66;0;0;117;0;0;0;0;0;0;12;1;1;0;7;8;73;0;83;0;0;0;9;5;0;0;0;0;35;2;0;0;0;0;0;0;0;0;0;19;0;0;0;6;0;1;4;51;0;1;0;418;83;162;0;6;0;0;0;0;1;7;0;0;0;0;2;0;5;0;0;0;0;0;2;0;0;0;0;0;4;0;6;0;2;12;1;0;0;0;6;0;0;0;0;1;473;0;1;0;0;0;8;0;2;0;1;0;6;16;187;0;0;11;137;6;0;1;4;1;3;22;4;93;0;48;0;0;30;0;0;0;0;0;3;0;2;1;0;0;0;0;0;0;0;0;0;0;0;0;18;0;0;0;18;0;25;336;0;2;0;0;4;0;0;0;0;2;73;0;1
7/1/20;0;1;13;0;0;4;10;2;27;2;0;0;7;2;0;64;8;0;7;3;0;2;0;0;52;0;1280;0;0;0;5;0;25;2;0;0;2;2;113;0;0;111;1;0;3;0;0;1;12;1;0;0;14;7;25;0;81;0;1;0;8;0;0;0;0;0;30;0;0;0;0;0;0;0;0;2;0;27;0;3;0;12;0;0;0;71;1;1;0;507;104;147;0;23;0;0;0;2;4;5;0;0;0;0;4;0;0;0;0;0;0;0;0;0;0;0;0;3;3;0;9;1;0;4;1;0;0;0;0;0;0;0;1;2;648;0;0;0;0;0;17;9;6;1;0;0;7;11;173;0;0;11;91;19;0;1;8;1;0;17;3;154;0;50;0;0;23;0;0;0;0;0;4;0;0;0;0;10;0;0;0;1;0;0;0;0;0;0;16;0;0;0;12;0;155;1270;0;2;0;0;3;0;0;0;2;8;128;2;0
7/2/20;0;1;28;0;0;3;6;2;44;0;0;0;7;2;0;41;2;0;2;5;0;0;0;0;78;0;1038;0;0;0;6;0;0;5;0;1;1;0;65;0;0;136;1;0;0;0;0;0;9;1;1;0;7;8;49;0;81;0;0;0;5;0;0;0;0;0;18;0;0;0;0;5;0;0;0;0;0;44;0;0;1;45;1;2;1;58;2;2;0;434;107;141;0;21;0;0;0;1;1;0;0;0;0;0;4;0;0;0;0;0;0;0;1;0;0;0;0;0;0;0;4;0;2;4;0;0;0;0;0;0;0;0;0;0;741;0;0;0;0;0;13;0;2;1;1;0;9;14;183;0;0;4;78;14;0;2;3;2;2;16;4;216;1;49;0;30;37;0;0;0;0;0;4;0;0;0;0;8;0;0;0;0;0;0;0;0;0;0;19;0;0;0;14;0;176;652;1;0;0;0;3;0;0;0;3;6;92;6;0
7/3/20;0;1;33;0;0;4;10;2;34;0;0;0;8;1;0;38;5;0;0;2;0;0;0;0;70;0;1252;0;0;0;7;0;51;1;1;0;1;0;167;0;0;171;0;0;0;0;0;2;9;0;0;0;11;8;63;0;86;0;0;0;17;0;0;0;0;0;14;0;0;0;0;0;0;0;0;0;19;26;0;0;1;49;2;3;1;53;0;3;0;379;110;148;0;30;0;0;0;1;3;14;0;0;0;0;1;0;0;0;1;0;0;0;0;0;0;0;0;2;1;0;11;1;2;15;1;0;0;0;3;0;0;0;1;0;679;0;0;0;0;1;13;0;3;0;1;0;3;22;185;0;0;4;78;15;0;0;8;0;3;20;6;147;0;54;0;0;41;0;0;0;0;0;5;0;0;1;0;9;0;0;0;0;0;0;0;0;0;0;17;0;0;0;12;0;89;678;0;1;0;0;3;0;0;0;1;7;95;0;0
7/4/20;0;1;12;0;0;3;8;1;52;0;0;0;7;2;0;42;2;0;7;1;0;0;0;0;49;0;1290;0;0;0;7;0;21;0;0;3;0;2;131;0;0;136;1;0;0;0;0;1;7;0;0;0;10;9;61;0;81;0;0;0;0;0;0;0;0;0;18;2;0;0;0;0;0;0;0;0;0;37;0;0;0;14;2;0;1;49;2;1;0;442;102;154;0;15;0;0;1;1;2;2;0;0;0;1;1;0;0;0;0;0;0;0;0;0;1;0;0;1;1;0;12;0;2;0;0;0;0;0;0;0;0;0;0;0;654;0;0;0;0;0;12;0;2;0;1;0;5;31;181;0;0;6;68;15;1;4;11;0;3;21;11;176;0;50;0;2;9;0;0;0;2;0;4;0;0;0;0;19;0;1;2;0;0;0;0;0;0;0;19;0;0;0;27;0;136;694;0;2;0;0;2;0;0;0;0;10;108;0;0
7/5/20;0;3;7;0;0;2;7;1;16;0;0;0;6;0;0;29;3;0;2;2;0;0;0;0;58;0;1091;0;0;0;6;0;11;6;0;0;0;2;141;0;0;165;0;0;1;0;0;-1;2;0;0;0;11;9;69;0;79;0;0;0;0;0;0;0;0;0;0;0;0;0;0;0;0;0;0;1;0;40;0;1;0;24;1;3;1;53;1;4;0;613;106;148;0;21;0;0;0;0;5;10;0;0;0;0;5;0;0;0;0;0;0;0;0;0;0;0;0;0;2;0;8;1;3;13;1;0;0;0;0;0;0;0;0;1;523;0;1;0;0;0;6;0;6;0;2;0;10;22;186;0;0;10;93;5;1;1;7;1;2;23;8;168;0;56;0;0;0;0;0;0;0;0;4;2;1;0;0;0;0;0;0;0;0;1;0;0;0;0;20;0;0;0;15;0;67;242;0;2;0;0;3;0;0;0;0;2;74;0;1
7/6/20;0;2;38;0;0;2;7;0;37;1;0;0;9;3;0;55;2;0;5;0;0;0;0;0;56;0;602;0;0;0;5;0;10;0;0;0;0;2;116;15;0;122;1;0;1;0;0;-3;4;0;0;0;8;6;12;0;63;0;0;0;3;0;0;0;0;0;0;0;0;0;0;5;0;0;0;0;0;27;0;0;1;10;0;0;0;82;0;1;0;425;105;163;0;7;0;0;0;0;1;4;0;0;0;0;3;0;0;0;1;0;0;0;0;0;0;0;0;0;3;0;5;0;0;7;1;0;0;0;1;0;0;0;1;2;273;0;1;0;0;0;11;0;1;0;0;0;10;27;177;0;0;0;50;5;0;4;9;0;5;19;5;134;0;58;0;4;0;0;0;0;0;0;4;0;0;0;0;7;0;3;0;0;0;0;0;1;0;0;19;0;0;0;22;0;22;271;0;4;0;0;2;0;0;0;11;1;173;0;0
7/7/20;0;1;56;0;0;3;12;0;33;0;2;0;8;3;0;44;1;0;4;1;0;0;0;0;42;0;620;0;0;0;6;0;9;1;4;0;0;1;76;2;0;146;4;0;0;0;0;2;8;0;1;0;10;7;40;0;79;0;0;0;4;13;0;0;0;0;27;2;0;0;0;7;0;0;1;0;0;34;0;0;1;17;0;0;0;70;0;7;0;467;94;160;0;8;0;0;0;1;4;7;0;0;0;2;5;0;76;0;0;0;0;0;2;0;0;0;0;5;0;0;10;0;4;5;0;0;0;0;0;0;0;0;1;0;480;0;0;0;0;0;9;0;1;0;1;0;5;23;183;0;0;13;77;4;0;1;6;0;5;18;6;135;0;52;0;0;13;0;0;0;0;0;3;0;0;2;0;6;0;1;0;0;0;0;0;0;0;0;16;0;0;0;13;0;16;359;1;3;0;0;4;0;0;0;9;7;111;0;1
7/8/20;0;2;16;0;0;2;18;0;79;0;0;0;7;10;0;55;3;0;4;0;0;0;0;0;54;0;1254;0;0;0;7;0;18;0;0;0;0;0;50;29;0;149;0;0;1;0;0;1;12;0;2;0;17;9;52;0;67;0;1;0;4;3;0;0;0;0;13;0;0;0;0;0;0;0;0;0;0;23;0;0;0;21;0;4;0;68;2;4;0;482;118;200;0;30;0;0;0;2;3;13;0;0;0;0;4;0;0;0;0;0;0;0;2;0;0;0;0;3;0;0;8;3;0;5;0;0;0;0;0;0;0;0;0;5;895;0;0;0;0;0;15;8;4;0;0;0;6;29;180;0;0;6;83;7;2;1;9;0;1;31;13;198;0;49;0;14;14;0;0;0;1;0;1;0;0;0;0;6;0;0;1;0;0;0;0;0;0;0;19;0;0;0;21;0;155;1174;0;3;0;0;3;0;0;0;4;3;192;12;0
7/9/20;0;1;1;0;0;2;14;2;52;0;0;0;9;1;0;46;1;0;5;2;0;2;0;0;47;0;1223;0;0;0;7;0;26;2;0;3;0;3;139;0;0;168;1;0;0;0;0;0;12;0;0;0;8;10;27;0;75;0;0;0;5;1;0;0;0;0;32;0;0;0;0;0;0;0;0;0;0;49;0;0;0;17;1;6;0;50;0;2;0;487;94;153;0;15;0;0;0;1;2;4;0;0;0;2;2;0;0;0;0;0;0;0;0;0;0;0;0;0;7;0;11;0;0;8;1;0;0;0;5;0;0;0;1;1;782;0;0;0;0;0;15;0;3;0;0;0;9;20;181;0;0;5;61;14;2;3;2;0;4;18;11;173;0;42;0;14;35;0;0;0;0;0;4;0;3;0;0;6;0;0;0;0;0;0;0;1;0;0;22;0;0;0;23;0;126;829;0;6;0;0;4;0;0;0;3;3;100;0;0
7/10/20;0;1;20;0;0;0;11;1;53;0;0;0;10;6;0;41;2;0;3;3;0;0;0;0;61;0;1220;0;0;0;6;0;12;4;0;0;0;1;109;0;0;187;1;0;1;0;0;1;6;1;0;0;13;10;39;0;53;0;0;0;2;0;0;0;0;0;14;0;0;0;0;0;0;0;0;2;0;39;0;0;0;10;1;0;2;58;0;4;0;475;103;221;0;12;0;0;0;1;4;6;0;0;0;1;3;0;0;0;0;0;0;0;1;1;0;0;0;1;0;0;10;2;0;2;0;0;0;0;4;0;0;0;0;4;730;0;1;0;0;0;5;0;0;1;0;0;3;20;181;0;0;4;75;9;0;2;13;0;4;17;11;176;0;41;0;5;18;0;0;0;0;0;2;0;0;0;1;8;0;0;3;0;0;0;0;0;0;0;18;0;0;0;21;0;85;982;0;5;0;0;5;0;0;0;4;10;118;0;3
7/11/20;0;1;37;0;0;2;13;1;42;0;0;0;8;2;0;37;0;0;0;1;0;0;0;0;64;0;1214;0;0;0;5;0;10;0;1;0;0;2;99;0;0;211;1;0;0;0;0;0;6;0;0;0;22;8;44;0;85;0;0;0;0;4;0;0;0;0;25;0;0;0;0;6;0;0;0;1;0;47;0;0;0;46;2;12;2;52;1;3;0;519;78;142;0;12;0;0;0;0;8;3;0;0;0;0;1;0;0;0;0;0;0;0;5;0;0;0;0;2;1;0;11;0;1;6;1;0;0;0;5;0;0;0;0;2;665;0;0;1;0;0;20;0;0;0;0;0;8;24;186;0;0;42;65;11;0;3;2;0;4;13;18;174;0;51;0;8;26;0;0;0;0;0;2;0;1;1;0;6;0;2;1;0;0;0;0;1;0;0;23;0;0;0;18;0;48;806;0;3;0;0;3;0;0;0;8;3;140;0;1
7/12/20;0;2;16;0;0;4;6;2;61;0;1;0;6;3;0;30;2;0;0;0;0;3;0;0;52;0;1071;0;0;0;5;0;14;0;0;0;0;1;100;0;0;194;2;1;0;0;0;0;3;0;0;0;16;8;48;0;67;0;0;0;0;0;0;0;0;0;0;0;0;0;0;0;0;0;0;0;0;33;0;0;1;21;1;4;2;66;2;3;0;551;95;188;0;7;0;0;0;0;3;7;0;0;0;1;3;0;0;0;0;0;0;0;0;0;0;0;0;0;2;0;5;4;0;8;0;0;0;0;0;0;0;0;0;2;539;1;0;0;0;0;15;0;0;0;3;0;4;30;182;0;0;12;74;6;8;2;8;1;0;24;12;188;1;30;0;1;0;0;0;0;0;0;0;0;0;0;0;5;0;0;0;0;0;0;0;0;0;0;21;0;0;0;27;0;148;717;1;2;0;0;2;0;0;0;7;1;111;0;5
7/13/20;0;2;0;0;0;4;8;1;8;2;1;0;8;2;0;47;4;0;6;5;0;0;0;0;53;0;631;0;0;0;5;0;10;0;0;0;0;2;98;0;0;188;2;0;0;0;0;0;1;0;0;0;17;7;16;0;89;0;0;0;3;3;0;0;0;0;0;0;0;0;0;4;0;0;0;0;0;47;0;0;0;3;1;0;0;71;0;8;0;500;95;194;0;9;0;0;0;0;1;15;0;0;0;0;4;0;111;0;0;0;0;0;4;1;0;1;0;1;5;0;2;0;1;7;0;0;0;0;0;0;0;0;0;5;276;0;0;0;0;0;16;0;0;0;0;0;9;16;188;0;0;162;69;3;0;5;6;1;1;13;11;130;0;42;0;0;0;0;0;0;0;0;3;1;0;0;0;13;0;0;2;0;1;0;0;0;0;0;19;0;0;0;11;0;21;391;1;4;0;0;4;0;0;0;1;52;108;0;0
7/14/20;0;1;2;0;0;2;8;0;85;0;0;0;7;4;0;39;0;0;8;0;0;0;0;0;59;0;733;0;0;0;4;0;7;1;0;0;0;0;45;0;1;148;1;0;0;0;0;1;4;0;1;0;6;7;16;0;77;0;0;0;3;1;0;0;0;0;25;0;0;0;0;0;0;0;0;0;0;25;0;0;0;15;0;2;0;50;0;3;0;553;100;203;0;13;0;0;0;0;12;2;0;0;0;0;3;0;0;0;0;0;0;0;0;0;0;0;1;1;5;0;7;1;2;3;0;0;0;0;3;0;0;0;0;1;443;0;0;0;0;0;4;0;0;1;0;0;2;23;184;0;0;65;54;5;0;4;2;3;2;17;12;104;0;20;0;7;10;0;0;0;0;0;2;0;0;0;0;11;0;3;0;0;0;0;0;0;0;0;19;0;0;0;15;0;11;400;0;3;0;0;4;0;0;0;6;7;93;0;1
7/15/20;0;1;33;0;0;2;11;0;23;1;0;0;6;1;0;33;3;0;7;2;0;0;0;0;32;0;1300;0;0;0;6;0;8;0;0;0;2;3;45;0;0;170;5;0;0;0;0;2;3;0;0;0;7;10;67;0;73;0;0;0;4;11;0;0;0;0;0;0;0;0;0;0;0;0;0;0;0;58;0;1;0;18;0;2;0;54;0;6;0;582;95;179;0;17;0;0;0;2;5;11;0;0;0;0;3;0;0;0;1;0;0;0;0;1;0;0;0;2;2;0;9;1;2;4;0;0;0;0;2;0;0;0;1;1;878;0;0;1;0;0;10;8;0;0;0;0;14;28;175;0;0;4;66;12;2;6;6;0;1;30;13;175;0;40;0;0;9;1;0;0;1;0;0;0;0;0;0;0;0;2;0;0;0;0;0;1;0;0;20;0;0;0;14;0;138;861;0;4;0;0;3;0;0;0;0;6;174;40;0
7/16/20;0;0;49;0;0;4;15;1;124;1;3;0;7;8;0;33;5;0;6;6;0;0;0;0;44;0;1233;0;0;0;6;0;12;2;0;1;0;0;117;0;2;189;4;0;0;0;0;0;7;0;0;0;19;12;28;0;59;0;0;0;3;7;0;0;0;0;91;0;0;0;0;0;0;0;0;1;0;48;0;0;1;18;0;2;0;87;2;9;0;606;87;199;0;13;0;0;0;1;7;7;0;0;0;2;3;0;0;0;1;0;0;0;15;0;0;0;0;1;2;0;1;0;4;4;0;0;0;0;0;0;0;0;0;3;579;0;0;0;0;1;6;0;1;0;1;0;8;22;188;0;0;11;40;6;2;0;8;0;1;21;11;156;0;42;0;11;27;0;0;0;0;0;3;0;0;0;0;20;0;1;0;0;0;0;0;0;0;0;17;0;0;0;15;0;85;953;0;4;0;0;4;0;0;0;4;3;107;0;1
7/17/20;0;0;21;0;0;3;13;1;62;0;2;0;8;6;0;39;5;0;4;4;0;2;0;0;42;0;1322;0;0;0;5;0;17;1;0;0;0;0;104;14;0;215;2;0;0;0;0;0;4;0;0;0;12;12;49;0;53;0;0;0;4;2;0;0;0;0;18;0;0;0;0;0;0;0;0;0;0;54;0;0;1;10;0;0;0;76;1;4;0;687;90;198;0;20;0;0;0;0;4;5;0;0;0;2;3;0;0;0;2;0;0;0;2;0;0;0;0;3;1;0;7;1;10;8;0;0;0;0;0;0;0;0;1;8;668;0;0;0;0;0;9;0;0;1;0;0;9;18;198;0;0;29;49;11;1;2;3;2;1;19;13;167;0;45;0;0;21;0;0;0;0;0;3;0;0;0;0;11;0;0;1;0;0;0;0;0;0;0;21;0;0;0;18;0;66;939;0;4;0;0;4;0;0;0;0;5;216;0;3
7/18/20;0;2;32;0;0;3;11;1;21;0;3;0;7;4;0;51;2;0;4;3;0;3;0;0;65;0;1163;0;0;0;6;0;12;0;0;1;0;0;1057;0;1;259;5;0;1;0;0;3;1;0;1;0;1;5;43;0;68;0;1;0;0;2;0;0;0;0;14;0;0;0;0;5;0;0;0;1;0;39;0;0;0;22;1;1;0;84;3;8;0;671;94;183;0;11;0;0;0;0;9;728;0;0;0;1;2;0;0;0;0;0;0;0;1;0;0;0;0;1;4;0;9;0;1;5;0;0;0;0;0;0;0;0;0;4;736;0;0;0;0;0;3;0;0;1;1;0;8;38;184;0;0;17;47;7;5;6;3;1;1;17;10;310;0;37;0;0;26;0;0;0;1;0;4;0;1;2;0;15;0;3;0;0;0;0;0;0;0;0;18;0;0;0;11;0;114;908;1;4;0;0;3;0;0;0;12;2;135;27;1
7/19/20;0;1;17;0;0;4;10;0;71;0;2;0;8;2;0;34;3;0;2;0;0;0;0;0;57;0;921;0;0;0;4;0;0;0;2;0;0;4;98;0;1;228;7;0;1;0;0;0;1;0;0;0;29;11;32;0;63;0;0;0;0;13;0;0;0;0;0;0;0;0;0;1;0;0;1;0;0;6;0;0;0;34;0;0;1;59;1;9;0;543;75;188;0;14;0;0;1;0;3;103;0;0;0;1;3;0;0;0;0;0;0;0;1;3;1;0;0;1;5;0;5;2;1;8;0;0;0;0;0;0;0;0;0;4;578;0;1;0;0;0;6;0;0;0;0;0;10;33;199;0;0;113;46;6;1;3;2;1;1;21;9;95;1;40;0;5;0;0;0;0;0;0;3;0;1;0;0;0;0;0;0;0;0;0;0;1;0;0;17;0;0;0;21;0;40;853;1;4;0;0;3;0;0;0;6;3;144;0;1
7/20/20;0;1;17;0;0;1;9;0;42;0;4;0;5;5;0;37;1;0;1;2;0;0;0;0;45;0;716;0;0;0;4;0;13;1;0;0;0;1;58;0;0;220;8;0;0;0;0;1;2;0;0;0;10;10;31;0;51;0;0;0;2;4;0;0;0;0;0;0;0;0;0;3;0;0;0;0;0;36;0;0;0;9;0;0;0;127;0;8;0;681;90;209;0;3;0;0;0;0;9;34;0;0;0;1;1;0;0;0;0;0;0;0;0;0;0;0;0;0;4;0;4;2;4;8;0;0;0;0;6;0;0;0;0;3;296;1;0;1;0;0;11;0;0;0;0;0;10;25;189;0;0;58;31;6;0;4;5;2;3;17;11;0;0;39;0;7;0;0;0;0;0;0;4;0;1;0;0;20;0;0;0;0;0;0;0;0;0;0;16;0;0;0;8;0;27;415;0;4;0;0;2;0;0;0;5;2;85;0;0
7/21/20;0;1;5;0;0;1;12;0;127;0;1;0;9;6;0;50;2;0;8;2;0;0;0;0;67;0;632;0;0;0;4;0;6;1;0;1;0;0;130;0;0;193;4;0;0;0;0;0;4;0;0;0;12;9;5;0;50;0;1;0;2;3;0;0;0;0;13;0;0;1;0;5;0;0;0;1;0;17;0;0;0;35;2;0;0;96;0;6;0;587;88;217;0;13;0;0;0;3;4;42;0;0;0;0;0;0;210;0;1;0;0;0;0;0;0;0;0;1;3;0;11;2;3;10;0;0;0;0;0;0;0;0;0;2;301;0;1;1;0;0;12;0;0;0;0;0;8;31;197;0;0;4;40;3;2;4;2;2;2;12;10;85;0;37;0;13;20;0;0;0;1;0;3;0;0;2;0;8;0;4;2;0;0;0;0;0;0;0;17;0;0;0;13;0;12;372;0;4;0;0;4;0;0;0;4;2;140;11;1
7/22/20;0;1;4;0;0;4;16;0;0;0;3;0;13;5;0;41;1;0;5;1;0;0;0;0;55;0;1367;0;0;0;4;0;4;1;0;0;3;1;44;0;2;237;2;0;0;0;0;1;5;0;0;0;6;13;48;0;47;0;2;0;2;3;0;0;0;0;0;0;0;0;0;0;0;0;0;1;0;29;0;0;0;53;0;8;0;81;0;10;0;648;81;229;0;15;0;0;0;1;12;44;0;0;0;1;4;0;0;0;0;0;0;0;0;0;0;0;0;1;4;0;12;3;3;0;1;0;0;0;0;0;0;0;0;7;915;0;0;3;0;0;4;9;0;0;0;0;11;32;195;0;0;2;38;9;0;1;6;2;1;36;9;153;0;34;0;13;7;0;0;0;0;0;4;0;0;0;0;11;0;2;1;0;0;0;0;0;0;0;18;0;0;0;20;0;110;1160;0;4;0;0;4;0;1;0;0;9;195;0;0
7/23/20;0;1;21;0;0;3;10;1;133;1;2;0;9;6;0;42;2;0;8;1;0;0;0;0;55;0;1284;0;0;0;6;0;8;2;2;0;2;0;45;9;0;207;3;0;0;0;0;4;6;2;0;0;6;11;52;0;41;0;3;0;3;7;0;0;0;0;7;1;0;0;0;0;0;0;1;0;0;42;0;0;0;18;3;0;0;139;1;5;0;1129;92;219;0;9;0;0;0;1;10;46;0;0;0;0;5;0;0;0;2;0;0;0;0;0;0;0;0;3;5;0;5;0;4;10;1;0;0;0;0;0;0;0;0;5;790;0;0;0;0;0;8;0;3;0;2;0;12;21;188;0;0;6;32;6;5;0;5;1;3;27;8;165;0;44;0;0;21;0;4;0;0;0;3;0;0;0;0;0;0;1;1;0;0;1;0;1;0;0;19;0;0;0;16;0;79;1124;1;3;0;0;0;0;0;0;11;2;572;8;0
7/24/20;0;0;0;0;0;3;4;3;111;0;5;0;6;5;0;50;2;0;8;4;0;3;0;0;79;0;1311;0;0;0;6;0;4;3;1;1;1;0;116;3;1;315;9;0;0;0;0;1;10;0;1;0;1;13;21;0;40;0;1;0;3;8;0;0;0;0;10;0;0;0;0;0;0;0;0;1;0;59;0;0;0;5;3;0;0;117;9;12;0;740;80;221;0;10;0;0;0;2;3;42;0;0;0;1;4;0;0;0;0;0;0;0;1;0;0;1;0;3;7;0;7;4;1;3;0;0;0;0;0;0;0;0;0;3;718;0;0;0;0;0;20;0;0;0;1;0;6;29;3887;0;0;28;54;9;3;3;3;0;1;25;9;147;0;34;0;2;9;0;0;0;0;0;1;0;2;0;0;9;0;3;3;0;0;0;0;0;0;0;18;0;0;0;17;0;53;1052;0;4;0;0;9;0;0;0;8;3;153;0;2
7/25/20;0;1;35;0;0;5;8;0;105;0;6;0;9;2;0;35;5;0;8;2;0;0;0;0;66;0;1156;0;0;0;0;0;7;0;1;0;6;1;76;0;1;287;7;0;1;0;0;3;7;0;1;0;30;12;29;0;38;0;0;0;0;9;1;0;0;0;10;2;0;0;0;8;0;0;1;0;0;37;0;0;1;50;0;2;0;89;0;6;0;757;90;215;0;5;0;0;0;1;11;38;0;0;0;0;4;0;0;0;3;0;0;0;0;0;0;0;0;1;7;0;7;1;6;6;0;0;0;0;1;0;0;0;0;8;737;0;0;0;0;0;12;0;0;0;1;0;4;41;189;0;0;8;24;4;3;1;7;2;0;24;10;154;0;37;0;0;21;0;0;0;0;0;4;0;0;0;0;18;0;0;0;0;0;1;0;0;0;0;17;0;0;0;20;1;123;1304;0;4;0;0;5;0;0;0;6;0;250;2;4
7/26/20;0;0;13;0;0;6;5;2;125;1;6;0;8;4;0;38;1;0;1;1;0;0;0;0;62;0;1211;0;0;0;11;0;4;3;0;0;0;0;106;0;2;294;11;0;0;0;0;0;0;0;0;0;19;10;39;0;40;0;0;0;0;3;0;0;0;0;0;0;0;0;0;0;0;0;0;0;0;0;0;0;0;37;5;0;0;49;0;9;0;705;72;195;0;5;0;0;0;3;4;28;0;0;0;0;4;0;0;0;1;0;0;0;0;3;0;0;0;1;6;0;6;0;2;9;0;0;0;0;0;0;0;0;0;0;729;0;0;0;0;0;11;0;1;0;1;0;12;25;187;0;0;18;35;9;10;3;4;2;0;15;8;146;0;31;0;7;0;0;0;0;0;0;5;0;0;0;0;0;0;1;0;0;0;0;0;1;0;0;16;0;0;0;19;0;61;914;0;5;0;0;0;0;0;0;5;13;312;0;2
7/27/20;0;1;10;0;0;4;6;5;92;0;10;0;9;5;0;54;2;0;2;3;0;1;0;0;48;0;555;0;0;0;4;0;5;1;0;0;1;2;92;0;0;256;6;0;0;0;0;3;0;0;0;0;8;9;8;0;48;0;1;0;2;23;0;0;0;0;0;0;0;0;0;7;0;0;0;1;0;65;0;0;0;18;3;1;0;67;0;13;0;708;78;216;0;5;0;0;0;0;2;24;0;0;0;1;4;0;0;0;4;0;0;0;1;2;0;0;0;0;8;0;3;0;7;0;0;0;0;0;0;0;0;0;0;12;306;1;0;1;0;0;2;0;0;0;0;0;13;19;199;0;0;35;20;7;0;4;1;1;1;22;8;77;0;30;0;2;0;0;0;0;0;0;4;0;0;0;0;18;0;2;4;0;0;1;0;0;0;0;17;0;0;0;15;1;14;475;0;5;0;0;8;0;0;0;0;5;114;9;0
7/28/20;0;1;1;0;0;6;8;0;17;1;6;0;6;11;0;37;4;0;7;1;0;0;0;0;64;0;614;0;0;1;4;0;11;4;0;3;0;0;75;0;4;252;11;0;0;0;0;2;4;0;0;0;20;8;17;0;46;0;0;0;2;5;0;0;0;0;17;0;0;0;0;0;0;0;2;2;0;0;0;0;0;50;3;1;0;57;0;4;0;654;96;212;0;5;0;0;0;0;5;28;0;0;0;1;5;0;0;0;0;0;0;0;0;1;0;0;0;6;3;0;13;3;6;6;1;0;0;0;0;0;0;0;0;4;342;0;0;0;0;0;2;0;0;0;3;0;9;28;189;0;0;13;23;5;0;1;2;2;0;19;9;85;0;27;0;3;3;0;2;0;0;0;3;0;1;1;0;0;0;2;2;0;0;0;0;1;0;0;17;0;0;0;11;0;7;1076;1;5;0;0;4;0;0;0;16;4;298;1;2
7/29/20;0;2;1;0;0;4;4;1;126;0;6;0;7;3;0;35;1;0;8;0;0;0;0;0;73;0;921;0;0;0;5;0;11;0;0;0;2;2;53;0;1;297;10;0;0;0;0;0;6;0;0;0;18;11;52;0;39;0;1;0;5;11;0;0;0;0;14;0;0;0;0;0;0;0;0;1;0;27;0;0;0;48;1;0;0;63;0;12;0;768;77;235;0;11;0;0;0;4;14;18;0;0;0;0;4;0;208;0;3;0;0;0;0;0;0;1;0;0;11;0;5;2;2;5;0;0;0;0;0;0;0;0;0;0;854;0;0;0;0;0;8;8;0;0;1;0;9;27;194;0;1;2;27;6;8;2;3;2;2;33;8;150;0;29;0;5;2;0;0;0;0;0;4;0;0;0;0;9;0;0;5;0;0;0;0;0;0;0;15;0;0;0;13;0;119;1245;0;5;0;0;5;0;1;0;7;1;190;2;4
7/30/20;0;0;0;0;0;2;5;6;118;3;9;0;8;0;0;35;3;0;13;3;0;0;0;0;88;0;1595;0;0;0;5;0;5;5;0;0;0;1;38;2;2;380;8;0;1;0;0;1;6;0;1;0;22;12;39;0;37;0;0;0;2;14;0;0;0;0;15;0;0;1;0;7;0;0;0;0;0;74;0;0;0;45;1;1;0;74;0;5;0;775;68;196;0;6;0;0;0;3;12;17;0;0;0;0;2;0;0;0;1;0;0;0;0;1;0;1;0;3;7;0;6;2;6;5;0;0;0;0;0;0;0;0;0;4;485;0;0;1;0;0;5;0;0;0;0;0;10;25;204;0;1;15;32;12;2;1;3;1;2;30;7;169;0;27;0;0;28;0;0;0;1;0;2;0;2;0;1;13;0;0;1;0;0;0;0;0;0;0;14;0;0;0;21;0;83;1457;0;5;0;0;0;0;0;0;4;1;240;4;1
7/31/20;0;4;0;0;0;4;10;1;111;2;13;0;3;31;0;48;2;0;6;2;0;0;0;0;86;0;1129;3;0;0;5;0;12;1;0;2;1;1;99;0;0;356;7;0;0;0;0;5;7;0;1;0;23;14;34;0;46;0;0;0;2;10;0;0;0;0;16;0;0;0;0;0;0;0;0;0;0;32;0;0;0;53;3;2;0;83;0;12;0;779;68;226;0;3;0;0;0;2;14;14;0;0;0;1;1;0;0;0;2;0;0;0;1;0;0;0;0;4;12;0;12;1;6;4;0;0;0;0;0;0;0;0;1;2;639;0;0;1;0;0;5;0;0;0;3;0;9;23;205;0;0;21;27;15;3;2;2;1;2;35;7;129;0;50;0;0;9;0;0;0;0;0;4;0;0;0;0;9;0;1;0;0;0;0;0;0;0;0;15;0;0;0;23;0;38;1357;0;5;0;0;7;0;0;0;16;2;315;3;12
8/1/20;0;0;12;0;0;3;11;3;155;0;7;0;7;0;0;28;3;0;9;1;0;1;0;0;83;0;1212;0;0;0;6;0;6;0;0;0;0;2;80;0;2;295;10;0;0;0;0;3;0;0;0;0;14;10;45;0;31;0;3;0;0;11;0;1;0;0;11;0;0;0;0;7;0;0;1;0;0;57;0;0;0;25;1;0;0;73;0;9;0;764;70;197;0;9;0;0;0;1;16;19;0;0;0;0;2;0;0;0;4;0;0;0;2;0;0;0;1;0;7;0;7;1;1;6;0;0;0;0;1;0;0;0;0;5;688;1;0;0;0;0;1;0;0;0;4;0;0;24;196;0;0;40;0;7;5;1;8;2;3;39;8;161;0;0;0;21;4;0;0;1;0;0;1;0;0;0;0;9;0;0;1;0;0;1;0;0;0;0;17;0;0;0;20;1;120;1244;0;6;0;0;6;0;0;3;0;6;193;2;14
8/2/20;0;0;0;0;0;4;5;1;92;0;4;0;6;7;0;21;2;0;2;0;0;0;0;0;87;0;1088;0;0;0;4;0;6;0;0;0;2;0;76;0;6;225;4;0;1;0;0;1;0;0;0;0;10;13;34;0;29;0;0;0;0;10;0;0;0;0;0;1;0;0;0;0;0;0;0;0;32;35;0;0;0;31;0;4;1;62;0;15;0;853;64;216;0;5;0;0;0;4;23;12;0;0;0;0;6;0;30;0;0;0;0;0;0;1;0;0;0;3;14;0;10;1;1;7;0;0;0;0;0;0;0;0;1;6;784;0;0;1;0;0;4;0;0;0;0;0;0;28;191;0;0;16;0;5;6;0;2;3;0;36;9;95;0;1;0;0;0;0;0;0;0;0;4;0;0;0;0;19;0;2;2;0;0;0;0;0;0;1;19;0;0;0;16;1;74;1133;0;6;0;0;5;0;0;2;0;1;148;14;2
8/3/20;0;0;1;0;0;5;8;0;54;0;8;0;8;8;0;22;5;0;3;0;0;0;0;0;89;0;541;0;0;0;4;0;4;0;0;0;0;0;75;0;2;320;8;0;0;0;0;0;7;1;0;0;8;8;14;0;31;0;2;0;27;0;0;0;0;0;0;0;0;0;0;0;0;0;0;0;0;36;0;0;1;9;4;0;0;43;0;9;0;771;63;208;0;8;0;2;0;1;5;11;0;0;0;0;4;0;286;0;1;0;0;0;2;5;0;3;0;6;15;0;3;1;7;4;0;0;0;0;0;0;0;0;0;3;274;0;2;0;0;0;5;0;0;0;1;0;0;22;206;0;0;20;33;10;5;2;1;0;3;34;8;70;0;50;0;6;0;0;0;0;0;0;0;0;1;0;0;0;1;1;0;0;0;0;0;1;0;0;18;0;0;0;16;0;8;413;1;6;0;0;5;0;0;1;37;3;213;5;1
8/4/20;0;0;4;0;0;6;0;2;55;0;13;0;6;4;0;30;3;1;0;3;0;0;0;0;75;0;561;0;0;0;4;0;2;0;0;2;0;0;99;0;3;367;9;0;1;0;0;0;8;0;1;0;5;8;17;0;23;0;1;0;26;52;0;0;0;0;29;1;0;0;0;9;0;0;0;0;0;18;0;1;0;7;4;1;0;66;0;10;0;803;66;215;0;12;0;0;0;5;13;7;0;0;0;0;4;0;0;0;3;0;0;0;1;0;0;1;0;13;19;0;9;1;4;3;0;0;0;0;0;0;0;0;1;0;266;0;1;1;0;0;8;0;0;1;0;0;0;26;197;0;0;45;15;1;0;0;0;3;0;19;8;79;0;32;0;0;1;0;0;0;0;0;2;0;0;0;0;19;0;2;2;0;0;0;0;0;0;0;19;0;0;0;13;1;9;543;0;6;0;0;0;0;0;2;7;2;173;1;10
8/5/20;0;0;6;0;0;4;6;0;196;1;11;0;5;21;0;50;5;0;16;1;0;2;0;0;92;0;1154;0;0;0;3;0;11;0;0;0;0;1;38;4;4;298;10;1;1;0;0;0;12;0;0;0;30;9;41;0;24;0;0;0;1;7;2;0;0;0;2;0;0;0;0;0;0;0;5;2;0;24;0;0;1;16;1;5;1;86;0;15;0;857;83;212;0;5;0;0;0;6;6;11;0;0;0;1;4;0;0;0;0;0;0;0;0;2;0;0;0;0;16;0;10;1;5;0;0;0;0;0;0;0;0;0;1;5;857;0;1;0;0;0;14;7;1;0;1;0;0;25;196;0;0;11;15;6;7;0;1;4;0;48;7;144;0;35;0;11;3;0;1;0;0;0;3;0;0;1;0;0;0;0;4;0;0;0;0;0;0;0;18;0;0;0;26;0;89;1403;1;6;0;0;13;0;0;0;40;7;345;0;1
8/6/20;0;2;4;0;0;6;2;5;146;0;15;0;3;6;0;33;5;0;11;3;0;0;0;0;65;0;1437;0;0;0;3;0;4;0;0;0;0;0;47;0;1;309;10;0;1;0;0;5;7;0;0;0;9;13;39;0;18;0;1;0;1;13;0;0;0;0;9;0;0;0;0;8;0;0;2;1;0;35;0;0;0;23;0;0;1;64;0;4;0;904;77;185;0;10;0;0;0;4;3;9;0;0;0;0;3;0;0;0;3;0;0;0;0;0;1;0;0;3;18;0;13;4;4;5;0;0;0;0;0;0;0;0;0;8;829;0;0;0;0;0;17;0;4;0;2;0;67;31;221;0;0;8;21;18;9;4;1;2;1;41;9;181;0;36;0;0;13;0;0;0;0;0;0;0;0;0;0;27;0;2;4;0;0;2;0;0;0;0;19;0;0;0;24;0;65;1450;0;6;0;0;8;0;1;1;0;2;414;5;3
8/7/20;0;1;0;0;0;6;2;3;126;0;8;0;3;5;0;39;4;0;9;2;0;0;0;0;80;0;1237;0;0;0;3;0;4;0;0;0;3;0;97;0;3;315;9;0;0;0;0;1;8;0;1;0;24;12;40;0;21;0;0;0;3;9;0;0;0;0;7;0;0;0;0;7;0;0;0;0;0;47;0;0;0;23;1;0;1;69;5;11;0;886;67;14;0;6;0;0;0;7;8;4;0;0;0;1;1;0;0;0;2;0;0;0;0;2;0;1;0;3;14;0;5;3;7;6;0;0;0;0;0;0;0;0;0;1;819;0;0;3;0;0;3;0;0;0;5;0;4;21;196;0;1;27;17;18;12;1;3;5;0;45;7;74;0;35;0;0;3;0;0;0;1;0;9;0;2;0;0;7;0;0;2;0;1;1;0;1;0;0;14;0;0;0;31;0;49;1848;0;6;0;0;7;0;0;1;4;1;306;23;13
8/8/20;0;2;9;0;0;1;5;2;156;1;11;0;4;15;0;27;6;0;11;3;0;0;0;0;59;0;1079;0;0;0;3;0;4;3;0;0;3;1;69;0;1;311;18;0;2;0;0;0;12;0;0;0;13;9;10;0;20;0;0;0;0;15;0;0;0;0;12;0;0;0;0;0;0;0;3;1;0;49;0;0;0;19;0;6;2;72;4;5;0;933;75;316;0;3;0;1;0;6;14;9;0;0;0;1;2;0;0;0;0;0;0;0;0;0;0;0;0;9;12;0;7;1;1;8;1;0;0;0;0;0;0;0;0;0;794;0;0;1;0;0;6;0;0;0;5;0;10;17;225;0;0;18;16;13;7;5;3;3;2;50;5;119;0;38;0;6;0;0;1;2;0;0;2;0;0;0;0;16;1;0;1;0;0;0;0;0;0;0;15;0;0;0;33;1;98;1252;0;6;0;0;6;0;0;0;3;3;305;1;5
8/9/20;0;0;5;0;0;4;8;0;159;1;12;0;5;2;0;32;2;0;10;2;0;0;0;0;63;0;905;0;0;0;2;0;6;6;1;0;0;0;53;0;0;290;10;0;3;0;0;0;1;0;0;0;30;11;19;0;21;0;1;0;0;10;0;0;0;0;0;0;0;0;0;0;0;0;0;0;0;29;0;2;0;11;2;5;0;65;0;13;0;861;74;132;0;13;0;0;0;1;5;8;0;0;0;1;3;0;0;0;6;0;0;0;1;0;0;0;0;0;19;0;6;1;6;4;0;0;0;0;0;0;0;0;0;6;695;0;1;0;0;0;6;0;3;0;3;0;7;18;195;0;0;41;14;13;9;6;4;3;2;43;6;129;1;37;0;4;0;0;1;0;0;0;4;0;0;0;0;0;0;2;0;0;0;1;0;0;0;0;16;0;0;0;27;0;55;1069;0;5;0;0;0;0;0;0;0;1;301;3;0
8/10/20;0;1;0;0;0;6;6;6;106;0;17;0;2;6;0;34;4;0;2;1;0;0;0;0;53;0;572;1;0;0;2;0;5;0;0;0;0;1;66;4;5;302;7;0;0;0;0;0;1;0;0;0;20;9;6;0;17;0;1;0;73;17;0;0;0;0;0;0;0;0;0;9;0;0;4;0;0;14;0;0;0;19;0;1;0;65;0;6;0;1007;82;163;0;2;0;1;0;7;2;6;0;0;0;0;4;0;324;0;0;0;0;0;0;0;0;0;0;5;18;0;4;2;7;4;0;0;0;0;0;0;0;0;0;3;292;0;0;3;0;0;3;0;0;0;2;0;4;30;228;0;0;61;15;7;5;0;6;3;2;41;9;77;1;37;0;0;0;0;0;0;0;0;3;0;0;0;0;27;0;2;2;0;0;0;0;0;0;0;15;0;0;0;43;1;8;513;0;6;0;0;15;0;0;3;2;2;198;32;2
8/11/20;0;0;0;0;0;1;5;5;78;2;18;0;2;23;0;39;11;0;12;1;0;0;0;0;72;0;703;0;0;0;2;0;6;0;0;0;0;0;62;0;4;312;9;0;0;0;0;0;4;0;3;0;19;10;10;0;26;0;1;0;5;13;2;0;0;0;16;0;0;0;0;0;0;0;0;0;0;11;0;0;0;11;1;0;3;42;0;13;0;871;72;189;0;4;0;0;0;4;3;4;0;0;0;0;4;0;0;0;4;0;0;0;0;1;0;2;0;7;18;0;5;4;3;1;0;0;0;0;0;0;0;0;0;0;705;0;0;0;0;0;5;0;0;0;4;0;8;25;204;0;0;23;15;2;0;7;3;7;4;29;5;130;0;32;0;8;3;0;0;0;1;0;4;0;1;0;0;7;0;0;3;0;0;2;0;0;0;0;14;0;0;0;29;2;-48;523;0;6;0;0;0;0;0;0;36;3;213;6;0
8/12/20;0;0;32;0;0;5;7;3;151;0;18;0;3;22;0;33;13;0;12;2;0;0;0;0;49;0;1274;0;0;0;3;0;4;1;1;2;1;0;39;3;3;321;11;0;1;0;1;2;6;0;1;0;18;10;19;0;24;0;1;0;-2;20;0;0;0;0;14;0;0;0;0;0;0;0;9;0;0;11;0;0;0;9;2;0;0;59;1;9;0;834;67;184;0;6;0;0;0;7;15;6;0;0;0;0;4;0;0;0;7;0;0;0;2;0;0;1;0;5;17;0;7;3;1;0;0;0;0;0;0;0;0;0;1;6;926;0;1;0;0;0;6;5;2;0;4;0;12;16;225;0;0;19;17;12;8;3;2;4;0;35;6;70;0;34;0;5;4;0;0;0;0;0;2;0;9;0;0;7;0;1;2;0;0;1;0;1;0;1;15;0;0;0;19;0;0;1076;0;6;0;0;15;0;0;4;0;5;130;0;0
8/13/20;1;0;10;0;0;3;3;2;303;1;21;0;2;6;0;42;11;0;11;1;0;0;0;0;66;0;1175;0;0;0;3;0;15;1;0;0;1;0;27;3;4;362;8;0;0;0;0;0;4;0;0;0;25;11;33;0;26;0;2;0;26;23;0;0;0;0;17;0;0;0;0;8;0;0;1;0;0;34;0;0;0;18;0;4;0;79;1;17;0;942;57;188;0;10;0;0;0;4;18;0;0;0;0;0;3;0;0;0;2;0;0;0;1;0;0;0;0;7;23;0;6;2;4;2;0;0;0;0;0;0;0;0;1;0;737;0;2;3;0;0;0;0;2;0;8;0;6;23;212;0;0;92;10;9;8;1;3;7;2;43;6;129;1;36;0;6;4;0;3;0;0;0;4;0;0;0;0;0;0;0;0;0;0;0;0;0;0;0;18;0;0;0;22;0;180;1490;0;5;0;0;9;0;0;1;0;5;259;5;18
8/14/20;0;1;9;0;0;5;3;0;158;1;9;1;3;5;0;44;11;0;2;1;0;0;0;0;0;0;1262;0;0;1;4;0;9;9;0;0;1;0;94;0;3;308;9;0;0;0;0;0;14;0;0;0;22;8;26;0;22;0;5;0;12;16;0;0;0;0;17;0;0;0;0;0;0;0;10;0;0;29;0;4;0;9;1;5;2;65;0;12;0;1007;53;174;0;6;0;0;0;10;4;3;0;0;0;0;0;0;0;0;3;0;0;0;0;0;0;0;0;3;28;0;15;0;6;2;0;0;0;0;0;0;0;0;0;1;627;0;0;5;0;0;10;0;4;1;4;0;12;19;3935;0;0;22;14;14;11;1;6;4;0;53;3;124;0;34;0;0;2;0;1;0;0;0;2;0;1;0;0;7;0;2;2;0;0;0;0;0;0;1;21;0;0;0;19;2;-5359;1083;0;5;0;0;12;0;0;3;24;0;260;0;6
8/15/20;0;1;0;0;0;6;5;3;182;0;14;0;4;6;0;34;8;0;8;1;0;0;0;0;57;0;1060;2;0;0;4;1;5;4;0;0;0;1;41;0;1;347;9;0;0;0;0;3;6;0;0;0;16;10;20;0;17;0;2;0;0;13;0;0;0;0;18;0;0;0;0;8;0;0;7;0;0;45;0;0;0;6;2;4;0;53;0;14;0;996;68;169;0;3;0;0;0;13;5;4;0;0;0;0;5;0;47;0;2;0;0;0;0;1;0;0;0;4;27;0;6;0;2;3;0;0;0;0;0;0;0;0;1;3;615;0;0;4;0;0;7;0;2;4;4;0;6;12;208;0;0;16;9;14;5;1;2;11;0;44;4;114;0;35;0;1;7;0;0;0;0;0;5;0;1;0;0;11;0;3;3;0;0;0;0;0;0;0;22;0;0;0;0;1;10;1336;1;5;0;0;7;0;0;0;16;0;286;10;0
8/16/20;0;2;7;0;0;6;3;3;137;3;4;0;2;5;0;34;5;0;3;2;0;1;0;0;119;0;709;0;0;0;4;0;4;1;0;0;0;2;55;0;2;318;10;0;1;0;0;1;0;0;0;0;29;9;35;0;17;0;3;0;0;17;0;0;0;0;3;0;0;0;0;0;0;0;4;0;0;14;0;0;0;19;2;0;0;50;0;9;0;944;76;161;0;158;0;0;0;3;7;4;0;0;0;0;4;0;5;0;3;0;0;0;0;0;0;1;0;6;21;0;11;2;2;4;0;0;0;0;0;0;0;0;0;1;635;0;0;4;0;0;1;0;2;0;3;0;5;12;219;0;0;158;6;11;18;3;3;19;2;50;5;119;0;31;0;5;0;0;0;0;0;0;2;0;1;0;0;17;0;2;1;0;0;1;0;1;0;1;21;2;0;0;33;1;4;1035;0;5;0;0;10;0;0;1;9;1;121;4;2
8/17/20;0;3;5;0;0;3;1;0;92;0;17;0;0;0;0;32;4;1;3;0;0;0;0;0;45;0;620;1;0;0;3;0;2;0;0;16;1;2;57;0;0;287;3;0;1;0;0;2;1;0;0;0;15;10;5;0;19;0;2;0;29;19;0;0;0;0;1;0;0;0;0;0;0;0;9;1;0;24;0;0;1;8;1;0;1;79;0;11;0;941;75;147;0;4;0;0;0;10;2;1;0;0;0;0;3;0;2;0;6;0;0;0;0;5;0;0;0;0;26;0;1;2;4;5;0;0;0;0;0;0;0;0;0;4;214;0;0;0;0;0;1;0;3;0;2;0;10;21;206;0;0;65;7;8;6;2;3;11;1;37;4;68;0;39;0;5;0;0;0;0;0;0;2;0;5;0;0;6;0;4;1;0;0;0;0;0;0;0;19;1;0;0;45;0;5;571;0;;0;0;5;0;0;2;0;1;162;0;2
8/18/20;0;0;0;0;0;2;6;2;93;1;25;0;2;6;0;37;1;0;14;3;0;0;0;0;75;0;684;1;0;0;3;1;6;3;0;0;0;0;61;2;0;275;10;0;1;0;0;2;0;0;0;0;28;9;13;0;13;0;2;0;;16;1;0;0;0;19;2;0;0;0;8;0;0;0;0;0;10;0;0;0;8;0;0;1;57;0;7;0;876;94;165;0;4;1;0;0;16;8;2;0;0;0;1;1;0;148;0;2;0;0;0;0;0;0;1;0;12;0;0;12;3;1;1;0;0;0;0;0;0;0;0;1;0;266;0;0;1;0;0;2;0;0;0;3;0;16;21;200;0;0;16;15;8;0;0;1;7;0;38;3;55;0;28;0;0;4;0;0;0;0;0;3;0;1;0;0;0;0;4;3;0;0;0;0;0;0;2;22;0;0;0;27;2;3;445;2;12;0;0;7;0;0;1;1;5;143;4;3